source_file,scope,level_id,level,topic_id,topic,card_id,pl_surface,en_gloss,classification_basis,entry_type,lemma_candidate,lemma_confidence,surface_sie_form,pair_raw,pair_lemmas,relation_type,related_ids,sense_groups,is_mature,case_guidance_status,case_ids_raw,hint_evidence,example_evidence,surface_normalized,duplicate_surface_group_size,flashcard_eligible,search_eligible,typeit_eligible,listening_eligible,mixed_eligible,accepted_answers_count,source_match_audit_class,book_indexes,linked_repository_form_source_entry_numbers,opposite_reflexivity_collision_entry_numbers,uncertainty_note
data-a1.js,core-A1-B1-lexical-card,a1,A1,a1-directions,Orientacja,a1-directions-018,skręcić,to turn,infinitive-headed Polish label + English verbal gloss,lemma,skręcić,high-surface; semantic sense unresolved,false,skręcać / skręcić,skręcać;skręcić,,,,false,none-structured; inspect free text/context,,'skręcić w prawo/lewo'.,Proszę skręcić w prawo.,skręcić,1,true,true,true,true,true,0,absent,,,,"Leading infinitive is counted as the primary lemma candidate; phrase sense, aspect relation, and case pattern are not inferred from this row."
data-a1.js,core-A1-B1-lexical-card,a1,A1,a1-morning-routine,Poranna rutyna,a1-morning-routine-002,budzić się,to wake up,infinitive-headed Polish label + English verbal gloss,reflexive-lemma,budzić się,high-surface; semantic sense unresolved,true,budzić się / obudzić się,budzić się;obudzić się,,,,false,none-structured; inspect free text/context,,Verb. 'Budzę się' = I wake up.,Budzę się wcześnie rano.,budzić się,1,true,true,true,true,true,0,exact,24,,,"Leading infinitive is counted as the primary lemma candidate; phrase sense, aspect relation, and case pattern are not inferred from this row."
data-a1.js,core-A1-B1-lexical-card,a1,A1,a1-morning-routine,Poranna rutyna,a1-morning-routine-003,wstawać,to get up,infinitive-headed Polish label + English verbal gloss,lemma,wstawać,high-surface; semantic sense unresolved,false,wstawać / wstać,wstawać;wstać,,,,false,none-structured; inspect free text/context,,Verb. 'Wstaję' = I get up.,"Budzę się o szóstej, ale wstaję o wpół do siódmej.",wstawać,1,true,true,true,true,true,0,exact,812,,,"Leading infinitive is counted as the primary lemma candidate; phrase sense, aspect relation, and case pattern are not inferred from this row."
data-a1.js,core-A1-B1-lexical-card,a1,A1,a1-morning-routine,Poranna rutyna,a1-morning-routine-005,brać prysznic,to take a shower,infinitive-headed Polish label + English verbal gloss,verb-phrase-or-collocation,brać,high-surface; semantic sense unresolved,false,brać / wziąć prysznic,brać;wziąć,,,,false,none-structured; inspect free text/context,,Verb. 'Biorę prysznic' = I take a shower.,Rano zazwyczaj biorę szybki prysznic.,brać prysznic,2,true,true,true,true,true,0,exact,15,,,"Leading infinitive is counted as the primary lemma candidate; phrase sense, aspect relation, and case pattern are not inferred from this row."
data-a1.js,core-A1-B1-lexical-card,a1,A1,a1-morning-routine,Poranna rutyna,a1-morning-routine-006,myć zęby,to brush teeth,infinitive-headed Polish label + English verbal gloss,verb-phrase-or-collocation,myć,high-surface; semantic sense unresolved,false,myć / umyć zęby,myć;umyć,,,,false,none-structured; inspect free text/context,,Literally 'to wash teeth'. 'Myję zęby' = I brush my teeth.,Po śniadaniu myję zęby.,myć zęby,1,true,true,true,true,true,0,exact,228,,,"Leading infinitive is counted as the primary lemma candidate; phrase sense, aspect relation, and case pattern are not inferred from this row."
data-a1.js,core-A1-B1-lexical-card,a1,A1,a1-morning-routine,Poranna rutyna,a1-morning-routine-008,ubierać się,to get dressed,infinitive-headed Polish label + English verbal gloss,reflexive-lemma,ubierać się,high-surface; semantic sense unresolved,true,ubierać się / ubrać się,ubierać się;ubrać się,,,,false,none-structured; inspect free text/context,,Verb. 'Ubieram się' = I get dressed.,Biorę prysznic i szybko się ubieram.,ubierać się,1,true,true,true,true,true,0,exact,710,,,"Leading infinitive is counted as the primary lemma candidate; phrase sense, aspect relation, and case pattern are not inferred from this row."
data-a1.js,core-A1-B1-lexical-card,a1,A1,a1-morning-routine,Poranna rutyna,a1-morning-routine-011,robić śniadanie,to make breakfast,infinitive-headed Polish label + English verbal gloss,verb-phrase-or-collocation,robić,high-surface; semantic sense unresolved,false,robić / zrobić śniadanie,robić;zrobić,,,,false,none-structured; inspect free text/context,,Verb. 'Robię' = I make/do.,Robię śniadanie dla mojej rodziny.,robić śniadanie,1,true,true,true,true,true,0,exact,586,,,"Leading infinitive is counted as the primary lemma candidate; phrase sense, aspect relation, and case pattern are not inferred from this row."
data-a1.js,core-A1-B1-lexical-card,a1,A1,a1-morning-routine,Poranna rutyna,a1-morning-routine-012,jeść śniadanie,to eat breakfast,infinitive-headed Polish label + English verbal gloss,verb-phrase-or-collocation,jeść,high-surface; semantic sense unresolved,false,jeść / zjeść śniadanie,jeść;zjeść,,,,false,none-structured; inspect free text/context,,Verb. 'Jem' = I eat.,Codziennie jem śniadanie w domu.,jeść śniadanie,1,true,true,true,true,true,0,exact,145,,,"Leading infinitive is counted as the primary lemma candidate; phrase sense, aspect relation, and case pattern are not inferred from this row."
data-a1.js,core-A1-B1-lexical-card,a1,A1,a1-morning-routine,Poranna rutyna,a1-morning-routine-016,spieszyć się,to be in a hurry,infinitive-headed Polish label + English verbal gloss,reflexive-lemma,spieszyć się,high-surface; semantic sense unresolved,true,spieszyć się / pospieszyć się,spieszyć się;pospieszyć się,,,,false,none-structured; inspect free text/context,,Verb. 'Spieszę się' = I am in a hurry (a state). The perfective 'pospieszyć się' means to hurry up on one particular occasion: 'Pospiesz się!' = Hurry up!,"Nie mam czasu na śniadanie, spieszę się do pracy.",spieszyć się,1,true,true,true,true,true,0,listed-alternative-variant,653,,,"Leading infinitive is counted as the primary lemma candidate; phrase sense, aspect relation, and case pattern are not inferred from this row."
data-a1.js,core-A1-B1-lexical-card,a1,A1,a1-morning-routine,Poranna rutyna,a1-morning-routine-017,wychodzić z domu,to leave the house,infinitive-headed Polish label + English verbal gloss,verb-phrase-or-collocation,wychodzić,high-surface; semantic sense unresolved,false,wychodzić / wyjść z domu,wychodzić;wyjść,,,,false,none-structured; inspect free text/context,,Verb. 'Wychodzę' = I am leaving.,Wychodzę z domu o ósmej piętnaście.,wychodzić z domu,1,true,true,true,true,true,0,exact,820,,,"Leading infinitive is counted as the primary lemma candidate; phrase sense, aspect relation, and case pattern are not inferred from this row."
data-a1.js,core-A1-B1-lexical-card,a1,A1,a1-first-verbs,Pierwsze czasowniki,a1-first-verbs-001,być,to be,infinitive-headed Polish label + English verbal gloss,lemma,być,high-surface; semantic sense unresolved,false,,,,,,false,none-structured; inspect free text/context,,"Irregular: jestem, jesteś, jest, jesteśmy, jesteście, są.",Jestem z Hiszpanii.,być,1,true,true,true,true,true,0,exact,25,,,"Leading infinitive is counted as the primary lemma candidate; phrase sense, aspect relation, and case pattern are not inferred from this row."
data-a1.js,core-A1-B1-lexical-card,a1,A1,a1-first-verbs,Pierwsze czasowniki,a1-first-verbs-002,mieć,to have,infinitive-headed Polish label + English verbal gloss,lemma,mieć,high-surface; semantic sense unresolved,false,mieć (impf only),mieć,,,,false,none-structured; inspect free text/context,,"mam, masz, ma. 'Mam pytanie' = I have a question.",Mam dwa koty i psa.,mieć,1,true,true,true,true,true,0,exact,214,,,"Leading infinitive is counted as the primary lemma candidate; phrase sense, aspect relation, and case pattern are not inferred from this row."
data-a1.js,core-A1-B1-lexical-card,a1,A1,a1-first-verbs,Pierwsze czasowniki,a1-first-verbs-003,chcieć,to want,infinitive-headed Polish label + English verbal gloss,lemma,chcieć,high-surface; semantic sense unresolved,false,chcieć / zechcieć,chcieć;zechcieć,,,,false,none-structured; inspect free text/context,,"chcę, chcesz, chce. Softer: 'chciałbym' = I would like.",Chcę mówić po polsku.,chcieć,1,true,true,true,true,true,0,exact,30,,,"Leading infinitive is counted as the primary lemma candidate; phrase sense, aspect relation, and case pattern are not inferred from this row."
data-a1.js,core-A1-B1-lexical-card,a1,A1,a1-first-verbs,Pierwsze czasowniki,a1-first-verbs-004,móc,can / to be able to,infinitive-headed Polish label + English verbal gloss,lemma,móc,high-surface; semantic sense unresolved,false,móc (impf only),móc,,,,false,none-structured; inspect free text/context,,"mogę, możesz, może. 'Czy mogę...?' = may I...?",Czy mogę tu usiąść?,móc,1,true,true,true,true,true,0,exact,225,,,"Leading infinitive is counted as the primary lemma candidate; phrase sense, aspect relation, and case pattern are not inferred from this row."
data-a1.js,core-A1-B1-lexical-card,a1,A1,a1-first-verbs,Pierwsze czasowniki,a1-first-verbs-005,musieć,must / to have to,infinitive-headed Polish label + English verbal gloss,lemma,musieć,high-surface; semantic sense unresolved,false,musieć (impf only),musieć,,,,false,none-structured; inspect free text/context,,"muszę, musisz, musi.",Muszę już iść.,musieć,1,true,true,true,true,true,0,exact,227,,,"Leading infinitive is counted as the primary lemma candidate; phrase sense, aspect relation, and case pattern are not inferred from this row."
data-a1.js,core-A1-B1-lexical-card,a1,A1,a1-first-verbs,Pierwsze czasowniki,a1-first-verbs-006,iść,"to go (on foot, now)",infinitive-headed Polish label + English verbal gloss,lemma,iść,high-surface; semantic sense unresolved,false,iść / pójść,iść;pójść,,,,false,none-structured; inspect free text/context,,"idę, idziesz, idzie. For walking somewhere right now.",Idę do sklepu.,iść,1,true,true,true,true,true,0,exact,143,,,"Leading infinitive is counted as the primary lemma candidate; phrase sense, aspect relation, and case pattern are not inferred from this row."
data-a1.js,core-A1-B1-lexical-card,a1,A1,a1-first-verbs,Pierwsze czasowniki,a1-first-verbs-007,jechać,"to go (by vehicle, now)",infinitive-headed Polish label + English verbal gloss,lemma,jechać,high-surface; semantic sense unresolved,false,jechać / pojechać,jechać;pojechać,,,,false,none-structured; inspect free text/context,,"jadę, jedziesz, jedzie. For any transport.",Jadę tramwajem do centrum.,jechać,1,true,true,true,true,true,0,exact,144,,,"Leading infinitive is counted as the primary lemma candidate; phrase sense, aspect relation, and case pattern are not inferred from this row."
data-a1.js,core-A1-B1-lexical-card,a1,A1,a1-first-verbs,Pierwsze czasowniki,a1-first-verbs-008,robić,to do / to make,infinitive-headed Polish label + English verbal gloss,lemma,robić,high-surface; semantic sense unresolved,false,robić / zrobić,robić;zrobić,,,,false,none-structured; inspect free text/context,,"robię, robisz, robi. 'Co robisz?' = what are you doing?",Co robisz w weekend?,robić,1,true,true,true,true,true,0,exact,586,,,"Leading infinitive is counted as the primary lemma candidate; phrase sense, aspect relation, and case pattern are not inferred from this row."
data-a1.js,core-A1-B1-lexical-card,a1,A1,a1-first-verbs,Pierwsze czasowniki,a1-first-verbs-009,mówić,to speak / to say,infinitive-headed Polish label + English verbal gloss,lemma,mówić,high-surface; semantic sense unresolved,false,mówić / powiedzieć,mówić;powiedzieć,,,,false,none-structured; inspect free text/context,,"mówię, mówisz, mówi. 'Mówię po polsku' = I speak Polish.",Mówię trochę po polsku.,mówić,1,true,true,true,true,true,0,exact,226,464,,"Leading infinitive is counted as the primary lemma candidate; phrase sense, aspect relation, and case pattern are not inferred from this row."
data-a1.js,core-A1-B1-lexical-card,a1,A1,a1-first-verbs,Pierwsze czasowniki,a1-first-verbs-010,rozumieć,to understand,infinitive-headed Polish label + English verbal gloss,lemma,rozumieć,high-surface; semantic sense unresolved,false,rozumieć / zrozumieć,rozumieć;zrozumieć,,,,false,none-structured; inspect free text/context,,"rozumiem, rozumiesz, rozumie.","Rozumiem, ale proszę mówić wolniej.",rozumieć,1,true,true,true,true,true,0,exact,616,,,"Leading infinitive is counted as the primary lemma candidate; phrase sense, aspect relation, and case pattern are not inferred from this row."
data-a1.js,core-A1-B1-lexical-card,a1,A1,a1-first-verbs,Pierwsze czasowniki,a1-first-verbs-011,wiedzieć,to know (a fact),infinitive-headed Polish label + English verbal gloss,lemma,wiedzieć,high-surface; semantic sense unresolved,false,wiedzieć (impf only),wiedzieć,,,,false,none-structured; inspect free text/context,,"wiem, wiesz, wie. For facts; for people and places use 'znać'.","Nie wiem, gdzie to jest.",wiedzieć,1,true,true,true,true,true,0,exact,780,,,"Leading infinitive is counted as the primary lemma candidate; phrase sense, aspect relation, and case pattern are not inferred from this row."
data-a1.js,core-A1-B1-lexical-card,a1,A1,a1-first-verbs,Pierwsze czasowniki,a1-first-verbs-012,znać,"to know (a person, place)",infinitive-headed Polish label + English verbal gloss,lemma,znać,high-surface; semantic sense unresolved,false,znać / poznać,znać;poznać,,,,false,none-structured; inspect free text/context,,"znam, znasz, zna. 'Znam Warszawę' = I know Warsaw.",Czy znasz tę restaurację?,znać,1,true,true,true,true,true,0,exact,972,,,"Leading infinitive is counted as the primary lemma candidate; phrase sense, aspect relation, and case pattern are not inferred from this row."
data-a1.js,core-A1-B1-lexical-card,a1,A1,a1-first-verbs,Pierwsze czasowniki,a1-first-verbs-013,jeść,to eat,infinitive-headed Polish label + English verbal gloss,lemma,jeść,high-surface; semantic sense unresolved,false,jeść / zjeść,jeść;zjeść,,,verb-to-eat,false,none-structured; inspect free text/context,,"jem, jesz, je. Irregular but essential.",Co jesz na śniadanie?,jeść,1,true,true,true,true,true,0,exact,145,,,"Leading infinitive is counted as the primary lemma candidate; phrase sense, aspect relation, and case pattern are not inferred from this row."
data-a1.js,core-A1-B1-lexical-card,a1,A1,a1-first-verbs,Pierwsze czasowniki,a1-first-verbs-014,pić,to drink,infinitive-headed Polish label + English verbal gloss,lemma,pić,high-surface; semantic sense unresolved,false,pić / wypić,pić;wypić,,,,false,none-structured; inspect free text/context,,"piję, pijesz, pije.",Piję dużo wody.,pić,1,true,true,true,true,true,0,exact,400,,,"Leading infinitive is counted as the primary lemma candidate; phrase sense, aspect relation, and case pattern are not inferred from this row."
data-a1.js,core-A1-B1-lexical-card,a1,A1,a1-first-verbs,Pierwsze czasowniki,a1-first-verbs-015,kupować,to buy,infinitive-headed Polish label + English verbal gloss,lemma,kupować,high-surface; semantic sense unresolved,false,kupować / kupić,kupować;kupić,,,,false,none-structured; inspect free text/context,,"kupuję, kupujesz. Perfective 'kupić' for a single purchase.",Kupuję bilet w aplikacji.,kupować,2,true,true,true,true,true,0,exact,185,,,"Leading infinitive is counted as the primary lemma candidate; phrase sense, aspect relation, and case pattern are not inferred from this row."
data-a1.js,core-A1-B1-lexical-card,a1,A1,a1-first-verbs,Pierwsze czasowniki,a1-first-verbs-016,mieszkać,to live (reside),infinitive-headed Polish label + English verbal gloss,lemma,mieszkać,high-surface; semantic sense unresolved,false,mieszkać / zamieszkać,mieszkać;zamieszkać,,,,false,none-structured; inspect free text/context,,"mieszkam, mieszkasz. 'Gdzie mieszkasz?' = where do you live?",Mieszkam w Warszawie od roku.,mieszkać,1,true,true,true,true,true,0,exact,218,,,"Leading infinitive is counted as the primary lemma candidate; phrase sense, aspect relation, and case pattern are not inferred from this row."
data-a1.js,core-A1-B1-lexical-card,a1,A1,a1-first-verbs,Pierwsze czasowniki,a1-first-verbs-017,pracować,to work,infinitive-headed Polish label + English verbal gloss,lemma,pracować,high-surface; semantic sense unresolved,false,pracować (impf only),pracować,,,,false,none-structured; inspect free text/context,,"pracuję, pracujesz.",Pracuję w biurze w centrum.,pracować,1,true,true,true,true,true,0,exact,483,,,"Leading infinitive is counted as the primary lemma candidate; phrase sense, aspect relation, and case pattern are not inferred from this row."
data-a1.js,core-A1-B1-lexical-card,a1,A1,a1-first-verbs,Pierwsze czasowniki,a1-first-verbs-018,lubić,to like,infinitive-headed Polish label + English verbal gloss,lemma,lubić,high-surface; semantic sense unresolved,false,lubić / polubić,lubić;polubić,,,,false,explicit-case-name-in-card-text,accusative,"lubię, lubisz. Takes accusative: lubię kawę.",Lubię polskie jedzenie.,lubić,2,true,true,true,true,true,0,exact,197,,,"Leading infinitive is counted as the primary lemma candidate; phrase sense, aspect relation, and case pattern are not inferred from this row."
data-a1.js,core-A1-B1-lexical-card,a1,A1,a1-first-verbs,Pierwsze czasowniki,a1-first-verbs-019,kochać,to love,infinitive-headed Polish label + English verbal gloss,lemma,kochać,high-surface; semantic sense unresolved,false,kochać / pokochać,kochać;pokochać,,,,false,none-structured; inspect free text/context,,"kocham, kochasz. 'Kocham cię' = I love you.",Kocham to miasto.,kochać,2,true,true,true,true,true,0,exact,162,,,"Leading infinitive is counted as the primary lemma candidate; phrase sense, aspect relation, and case pattern are not inferred from this row."
data-a1.js,core-A1-B1-lexical-card,a1,A1,a1-first-verbs,Pierwsze czasowniki,a1-first-verbs-020,szukać,to look for,infinitive-headed Polish label + English verbal gloss,lemma,szukać,high-surface; semantic sense unresolved,false,szukać / poszukać,szukać;poszukać,,,,false,explicit-case-name-in-card-text,genitive,"szukam, szukasz. Takes genitive: szukam pracy.",Szukam dobrej kawiarni.,szukać,1,true,true,true,true,true,0,exact,684,,,"Leading infinitive is counted as the primary lemma candidate; phrase sense, aspect relation, and case pattern are not inferred from this row."
data-a1.js,core-A1-B1-lexical-card,a1,A1,a1-first-verbs,Pierwsze czasowniki,a1-first-verbs-021,czekać,to wait,infinitive-headed Polish label + English verbal gloss,lemma,czekać,high-surface; semantic sense unresolved,false,czekać / poczekać,czekać;poczekać,,,,false,explicit-case-name-in-card-text,accusative,"czekam, czekasz. 'Czekam na...' + accusative.",Czekam na autobus.,czekać,1,true,true,true,true,true,0,exact,46,,,"Leading infinitive is counted as the primary lemma candidate; phrase sense, aspect relation, and case pattern are not inferred from this row."
data-a1.js,core-A1-B1-lexical-card,a1,A1,a1-first-verbs,Pierwsze czasowniki,a1-first-verbs-022,pomagać,to help,infinitive-headed Polish label + English verbal gloss,lemma,pomagać,high-surface; semantic sense unresolved,false,pomagać / pomóc,pomagać;pomóc,,,,false,explicit-case-name-in-card-text,dative,"pomagam, pomagasz. Takes dative: pomagam mamie.",Czy mogę ci pomóc?,pomagać,1,true,true,true,true,true,0,exact,440,,,"Leading infinitive is counted as the primary lemma candidate; phrase sense, aspect relation, and case pattern are not inferred from this row."
data-a1.js,core-A1-B1-lexical-card,a1,A1,a1-colours-clothes,Kolory i ubrania,a1-colours-clothes-019,nosić,to wear,infinitive-headed Polish label + English verbal gloss,lemma,nosić,high-surface; semantic sense unresolved,false,"nosić (impf, habitual)",nosić,,,,false,none-structured; inspect free text/context,,"noszę, nosisz. For what you wear regularly.",Nie noszę sukienek.,nosić,2,true,true,true,true,true,0,exact,270,,,"Leading infinitive is counted as the primary lemma candidate; phrase sense, aspect relation, and case pattern are not inferred from this row."
data-a1.js,core-A1-B1-lexical-card,a1,A1,a1-colours-clothes,Kolory i ubrania,a1-colours-clothes-021,pasować,to fit / to suit,infinitive-headed Polish label + English verbal gloss,lemma,pasować,high-surface; semantic sense unresolved,false,pasować (impf only),pasować,,,,false,none-structured; inspect free text/context,,'To mi pasuje' = that suits me / works for me.,Ta kurtka do ciebie pasuje.,pasować,1,true,true,true,true,true,0,exact,396,,,"Leading infinitive is counted as the primary lemma candidate; phrase sense, aspect relation, and case pattern are not inferred from this row."
data-a1.js,core-A1-B1-lexical-card,a1,A1,a1-free-time,Czas wolny,a1-free-time-003,czytać,to read,infinitive-headed Polish label + English verbal gloss,lemma,czytać,high-surface; semantic sense unresolved,false,czytać / przeczytać,czytać;przeczytać,,,,false,none-structured; inspect free text/context,,"czytam, czytasz. 'lubię czytać' = I like reading.",Lubię czytać przed snem.,czytać,1,true,true,true,true,true,0,exact,54,,,"Leading infinitive is counted as the primary lemma candidate; phrase sense, aspect relation, and case pattern are not inferred from this row."
data-a1.js,core-A1-B1-lexical-card,a1,A1,a1-free-time,Czas wolny,a1-free-time-004,oglądać,to watch,infinitive-headed Polish label + English verbal gloss,lemma,oglądać,high-surface; semantic sense unresolved,false,oglądać / obejrzeć,oglądać;obejrzeć,,,,false,none-structured; inspect free text/context,,"oglądam, oglądasz. For TV, films, matches.",Wieczorem oglądam seriale.,oglądać,1,true,true,true,true,true,0,exact,347,,,"Leading infinitive is counted as the primary lemma candidate; phrase sense, aspect relation, and case pattern are not inferred from this row."
data-a1.js,core-A1-B1-lexical-card,a1,A1,a1-free-time,Czas wolny,a1-free-time-005,słuchać muzyki,to listen to music,infinitive-headed Polish label + English verbal gloss,verb-phrase-or-collocation,słuchać,high-surface; semantic sense unresolved,false,słuchać / posłuchać,słuchać;posłuchać,,,,false,explicit-case-name-in-card-text,genitive,'słuchać' takes the genitive: słucham muzyki.,Słucham muzyki w drodze do pracy.,słuchać muzyki,1,true,true,true,true,true,0,exact,643,,,"Leading infinitive is counted as the primary lemma candidate; phrase sense, aspect relation, and case pattern are not inferred from this row."
data-a1.js,core-A1-B1-lexical-card,a1,A1,a1-free-time,Czas wolny,a1-free-time-006,grać,to play,infinitive-headed Polish label + English verbal gloss,lemma,grać,high-surface; semantic sense unresolved,false,grać / zagrać,grać;zagrać,,,,false,none-structured; inspect free text/context,,"gram, grasz. 'grać w' + sport/game, 'grać na' + instrument.",Gram w piłkę w każdą sobotę.,grać,1,true,true,true,true,true,0,exact,129,,,"Leading infinitive is counted as the primary lemma candidate; phrase sense, aspect relation, and case pattern are not inferred from this row."
data-a1.js,core-A1-B1-lexical-card,a1,A1,a1-free-time,Czas wolny,a1-free-time-007,grać na gitarze,to play the guitar,infinitive-headed Polish label + English verbal gloss,verb-phrase-or-collocation,grać,high-surface; semantic sense unresolved,false,grać / zagrać,grać;zagrać,,,,false,explicit-case-name-in-card-text,locative,"'grać na' + instrument in the locative: na gitarze, na pianinie.",Uczę się grać na gitarze.,grać na gitarze,1,true,true,true,true,true,0,exact,129,,,"Leading infinitive is counted as the primary lemma candidate; phrase sense, aspect relation, and case pattern are not inferred from this row."
data-a1.js,core-A1-B1-lexical-card,a1,A1,a1-free-time,Czas wolny,a1-free-time-008,śpiewać,to sing,infinitive-headed Polish label + English verbal gloss,lemma,śpiewać,high-surface; semantic sense unresolved,false,śpiewać / zaśpiewać,śpiewać;zaśpiewać,,,,false,none-structured; inspect free text/context,,"śpiewam, śpiewasz.",Lubię śpiewać pod prysznicem.,śpiewać,1,true,true,true,true,true,0,exact,691,,,"Leading infinitive is counted as the primary lemma candidate; phrase sense, aspect relation, and case pattern are not inferred from this row."
data-a1.js,core-A1-B1-lexical-card,a1,A1,a1-free-time,Czas wolny,a1-free-time-009,tańczyć,to dance,infinitive-headed Polish label + English verbal gloss,lemma,tańczyć,high-surface; semantic sense unresolved,false,tańczyć / zatańczyć,tańczyć;zatańczyć,,,,false,none-structured; inspect free text/context,,"tańczę, tańczysz.",Czy lubisz tańczyć?,tańczyć,1,true,true,true,true,true,0,exact,694,,,"Leading infinitive is counted as the primary lemma candidate; phrase sense, aspect relation, and case pattern are not inferred from this row."
data-a1.js,core-A1-B1-lexical-card,a1,A1,a1-free-time,Czas wolny,a1-free-time-010,gotować,to cook,infinitive-headed Polish label + English verbal gloss,lemma,gotować,high-surface; semantic sense unresolved,false,gotować / ugotować,gotować;ugotować,,,,false,none-structured; inspect free text/context,,"gotuję, gotujesz.",W weekend lubię gotować dla znajomych.,gotować,2,true,true,true,true,true,0,exact,128,,,"Leading infinitive is counted as the primary lemma candidate; phrase sense, aspect relation, and case pattern are not inferred from this row."
data-a1.js,core-A1-B1-lexical-card,a1,A1,a1-free-time,Czas wolny,a1-free-time-011,malować,to paint / to draw,infinitive-headed Polish label + English verbal gloss,lemma,malować,high-surface; semantic sense unresolved,false,malować / namalować,malować;namalować,,,,false,none-structured; inspect free text/context,,"maluję, malujesz. 'rysować' = to draw with a pencil.",Moja córka lubi malować.,malować,1,true,true,true,true,true,0,exact,205,,,"Leading infinitive is counted as the primary lemma candidate; phrase sense, aspect relation, and case pattern are not inferred from this row."
data-a1.js,core-A1-B1-lexical-card,a1,A1,a1-free-time,Czas wolny,a1-free-time-012,pływać,to swim,infinitive-headed Polish label + English verbal gloss,lemma,pływać,high-surface; semantic sense unresolved,false,"pływać (impf, habitual)",pływać,,,,false,none-structured; inspect free text/context,,"pływam, pływasz.",Latem często pływam w jeziorze.,pływać,1,true,true,true,true,true,0,exact,410,,,"Leading infinitive is counted as the primary lemma candidate; phrase sense, aspect relation, and case pattern are not inferred from this row."
data-a1.js,core-A1-B1-lexical-card,a1,A1,a1-free-time,Czas wolny,a1-free-time-013,biegać,to run / to jog,infinitive-headed Polish label + English verbal gloss,lemma,biegać,high-surface; semantic sense unresolved,false,"biegać (impf, habitual)",biegać,,,,false,none-structured; inspect free text/context,,"biegam, biegasz. As regular exercise.",Biegam w parku trzy razy w tygodniu.,biegać,2,true,true,true,true,true,0,absent,,,,"Leading infinitive is counted as the primary lemma candidate; phrase sense, aspect relation, and case pattern are not inferred from this row."
data-a1.js,core-A1-B1-lexical-card,a1,A1,a1-free-time,Czas wolny,a1-free-time-014,jeździć na rowerze,to ride a bike,infinitive-headed Polish label + English verbal gloss,verb-phrase-or-collocation,jeździć,high-surface; semantic sense unresolved,false,"jeździć (impf, habitual)",jeździć,,,,false,explicit-case-name-in-card-text,locative,'jeździć na' + locative.,W weekend jeździmy na rowerach.,jeździć na rowerze,1,true,true,true,true,true,0,exact,146,,,"Leading infinitive is counted as the primary lemma candidate; phrase sense, aspect relation, and case pattern are not inferred from this row."
data-a1.js,core-A1-B1-lexical-card,a1,A1,a1-free-time,Czas wolny,a1-free-time-015,grać w gry,to play games,infinitive-headed Polish label + English verbal gloss,verb-phrase-or-collocation,grać,high-surface; semantic sense unresolved,false,grać / zagrać,grać;zagrać,,,,false,none-structured; inspect free text/context,,Video or board games. 'gra planszowa' = board game.,Wieczorami gram w gry na komputerze.,grać w gry,1,true,true,true,true,true,0,exact,129,,,"Leading infinitive is counted as the primary lemma candidate; phrase sense, aspect relation, and case pattern are not inferred from this row."
data-a1.js,core-A1-B1-lexical-card,a1,A1,a1-free-time,Czas wolny,a1-free-time-016,spotykać się ze znajomymi,to meet up with friends,infinitive-headed Polish label + English verbal gloss,verb-phrase-or-collocation,spotykać się,high-surface; semantic sense unresolved,true,spotykać się / spotkać się,spotykać się;spotkać się,,,,false,explicit-case-name-in-card-text,instrumental,'spotykać się z' + instrumental.,W piątki spotykam się ze znajomymi.,spotykać się ze znajomymi,1,true,true,true,true,true,0,exact,658,,,"Leading infinitive is counted as the primary lemma candidate; phrase sense, aspect relation, and case pattern are not inferred from this row."
data-a1.js,core-A1-B1-lexical-card,a1,A1,a1-free-time,Czas wolny,a1-free-time-017,podróżować,to travel,infinitive-headed Polish label + English verbal gloss,lemma,podróżować,high-surface; semantic sense unresolved,false,podróżować (impf only),podróżować,,,,false,none-structured; inspect free text/context,,"podróżuję, podróżujesz.",Uwielbiam podróżować po Europie.,podróżować,1,true,true,true,true,true,0,exact,430,,,"Leading infinitive is counted as the primary lemma candidate; phrase sense, aspect relation, and case pattern are not inferred from this row."
data-a1.js,core-A1-B1-lexical-card,a1,A1,a1-free-time,Czas wolny,a1-free-time-018,robić zdjęcia,to take photos,infinitive-headed Polish label + English verbal gloss,verb-phrase-or-collocation,robić,high-surface; semantic sense unresolved,false,robić / zrobić,robić;zrobić,,,,false,none-structured; inspect free text/context,,Literally 'to make photos'.,Lubię robić zdjęcia w podróży.,robić zdjęcia,1,true,true,true,true,true,0,exact,586,,,"Leading infinitive is counted as the primary lemma candidate; phrase sense, aspect relation, and case pattern are not inferred from this row."
data-a2.js,core-A1-B1-lexical-card,a2,A2,a2-official-matters,Sprawy urzędowe,a2-official-matters-004,złożyć wniosek,to submit an application,infinitive-headed Polish label + English verbal gloss,verb-phrase-or-collocation,złożyć,high-surface; semantic sense unresolved,false,składać / złożyć wniosek,składać;złożyć,,,,false,none-structured; inspect free text/context,,The core bureaucratic verb.,Gdzie mogę złożyć wniosek?,złożyć wniosek,1,true,true,true,true,true,0,unreviewed-linked-form-only,,641,,"Leading infinitive is counted as the primary lemma candidate; phrase sense, aspect relation, and case pattern are not inferred from this row."
data-a2.js,core-A1-B1-lexical-card,a2,A2,a2-official-matters,Sprawy urzędowe,a2-official-matters-010,wypełnić,to fill in,infinitive-headed Polish label + English verbal gloss,lemma,wypełnić,high-surface; semantic sense unresolved,false,wypełniać / wypełnić,wypełniać;wypełnić,,,,false,none-structured; inspect free text/context,,Used for forms.,Proszę wypełnić formularz.,wypełnić,1,true,true,true,true,true,0,unreviewed-linked-form-only,,850,,"Leading infinitive is counted as the primary lemma candidate; phrase sense, aspect relation, and case pattern are not inferred from this row."
data-a2.js,core-A1-B1-lexical-card,a2,A2,a2-official-matters,Sprawy urzędowe,a2-official-matters-012,podpisać,to sign,infinitive-headed Polish label + English verbal gloss,lemma,podpisać,high-surface; semantic sense unresolved,false,podpisywać / podpisać,podpisywać;podpisać,,,,false,none-structured; inspect free text/context,,The verb form.,Gdzie mam podpisać?,podpisać,1,true,true,true,true,true,0,unreviewed-linked-form-only,,426,,"Leading infinitive is counted as the primary lemma candidate; phrase sense, aspect relation, and case pattern are not inferred from this row."
data-a2.js,core-A1-B1-lexical-card,a2,A2,a2-official-matters,Sprawy urzędowe,a2-official-matters-014,umówić się na wizytę,to book an appointment,infinitive-headed Polish label + English verbal gloss,verb-phrase-or-collocation,umówić się,high-surface; semantic sense unresolved,true,umawiać się / umówić się na wizytę,umawiać się;umówić się,,,,false,none-structured; inspect free text/context,,For offices and clinics. A woman says: Chciałabym.,Chciałbym umówić się na wizytę.,umówić się na wizytę,1,true,true,true,true,true,0,unreviewed-linked-form-only,,736,,"Leading infinitive is counted as the primary lemma candidate; phrase sense, aspect relation, and case pattern are not inferred from this row."
data-a2.js,core-A1-B1-lexical-card,a2,A2,a2-apartment,Mieszkanie,a2-apartment-015,naprawić,to repair / fix,infinitive-headed Polish label + English verbal gloss,lemma,naprawić,high-surface; semantic sense unresolved,false,naprawiać / naprawić,naprawiać;naprawić,,,,false,none-structured; inspect free text/context,,'naprawa' = a repair.,Czy może pan to naprawić?,naprawić,1,true,true,true,true,true,0,unreviewed-linked-form-only,,253,,"Leading infinitive is counted as the primary lemma candidate; phrase sense, aspect relation, and case pattern are not inferred from this row."
data-a2.js,core-A1-B1-lexical-card,a2,A2,a2-daily-life,Życie codzienne i rutyna,a2-daily-life-004,wracać do domu,to return home,infinitive-headed Polish label + English verbal gloss,verb-phrase-or-collocation,wracać,high-surface; semantic sense unresolved,false,wracać / wrócić do domu,wracać;wrócić,,,,false,none-structured; inspect free text/context,,Verb. 'Wracam' = I return.,Zazwyczaj wracam do domu po szesnastej.,wracać do domu,1,true,true,true,true,true,0,exact,804,,,"Leading infinitive is counted as the primary lemma candidate; phrase sense, aspect relation, and case pattern are not inferred from this row."
data-a2.js,core-A1-B1-lexical-card,a2,A2,a2-daily-life,Życie codzienne i rutyna,a2-daily-life-005,sprzątać,to clean,infinitive-headed Polish label + English verbal gloss,lemma,sprzątać,high-surface; semantic sense unresolved,false,sprzątać / posprzątać,sprzątać;posprzątać,,,,false,none-structured; inspect free text/context,,Verb. 'Sprzątam' = I clean.,W sobotę sprzątam całe mieszkanie.,sprzątać,1,true,true,true,true,true,0,exact,663,,,"Leading infinitive is counted as the primary lemma candidate; phrase sense, aspect relation, and case pattern are not inferred from this row."
data-a2.js,core-A1-B1-lexical-card,a2,A2,a2-daily-life,Życie codzienne i rutyna,a2-daily-life-006,prać,to do laundry,infinitive-headed Polish label + English verbal gloss,lemma,prać,high-surface; semantic sense unresolved,false,prać / wyprać,prać;wyprać,,,,false,none-structured; inspect free text/context,,Verb. 'Piorę' = I wash (clothes).,Muszę dzisiaj wyprać ubrania.,prać,1,true,true,true,true,true,0,exact,484,,,"Leading infinitive is counted as the primary lemma candidate; phrase sense, aspect relation, and case pattern are not inferred from this row."
data-a2.js,core-A1-B1-lexical-card,a2,A2,a2-daily-life,Życie codzienne i rutyna,a2-daily-life-007,odpoczywać,to rest,infinitive-headed Polish label + English verbal gloss,lemma,odpoczywać,high-surface; semantic sense unresolved,false,odpoczywać / odpocząć,odpoczywać;odpocząć,,,,false,none-structured; inspect free text/context,,Verb. 'Odpoczywam' = I rest.,Wieczorem wreszcie mogę odpocząć.,odpoczywać,2,true,true,true,true,true,0,exact,327,,,"Leading infinitive is counted as the primary lemma candidate; phrase sense, aspect relation, and case pattern are not inferred from this row."
data-a2.js,core-A1-B1-lexical-card,a2,A2,a2-daily-life,Życie codzienne i rutyna,a2-daily-life-008,kłaść się spać,to go to sleep,infinitive-headed Polish label + English verbal gloss,verb-phrase-or-collocation,kłaść się,high-surface; semantic sense unresolved,true,kłaść się / położyć się spać,kłaść się;położyć się,,,,false,none-structured; inspect free text/context,,Reflexive verb. 'Kładę się' = I lie down.,Kładę się spać około północy.,kłaść się spać,1,true,true,true,true,true,0,exact,160,,,"Leading infinitive is counted as the primary lemma candidate; phrase sense, aspect relation, and case pattern are not inferred from this row."
data-a2.js,core-A1-B1-lexical-card,a2,A2,a2-daily-life,Życie codzienne i rutyna,a2-daily-life-009,zasypiać,to fall asleep,infinitive-headed Polish label + English verbal gloss,lemma,zasypiać,high-surface; semantic sense unresolved,false,zasypiać / zasnąć,zasypiać;zasnąć,,,,false,none-structured; inspect free text/context,,Verb.,Zasypiam bardzo szybko.,zasypiać,1,true,true,true,true,true,0,exact,935,,,"Leading infinitive is counted as the primary lemma candidate; phrase sense, aspect relation, and case pattern are not inferred from this row."
data-a2.js,core-A1-B1-lexical-card,a2,A2,a2-health-body,Zdrowie i ciało,a2-health-body-027,chorować,to be sick / ill,infinitive-headed Polish label + English verbal gloss,lemma,chorować,high-surface; semantic sense unresolved,false,chorować / zachorować,chorować;zachorować,,,,false,none-structured; inspect free text/context,,Verb. 'Choruję' = I am sick.,Często choruję zimą.,chorować,1,true,true,true,true,true,0,exact,32,,,"Leading infinitive is counted as the primary lemma candidate; phrase sense, aspect relation, and case pattern are not inferred from this row."
data-a2.js,core-A1-B1-lexical-card,a2,A2,a2-health-body,Zdrowie i ciało,a2-health-body-028,zdrowieć,to get well,infinitive-headed Polish label + English verbal gloss,lemma,zdrowieć,high-surface; semantic sense unresolved,false,zdrowieć / wyzdrowieć,zdrowieć;wyzdrowieć,,,,false,none-structured; inspect free text/context,,Verb.,Bierz leki i szybko zdrowiej!,zdrowieć,1,true,true,true,true,true,0,absent,,,,"Leading infinitive is counted as the primary lemma candidate; phrase sense, aspect relation, and case pattern are not inferred from this row."
data-a2.js,core-A1-B1-lexical-card,a2,A2,a2-food-shopping,Jedzenie i zakupy,a2-food-shopping-005,gotować,to cook,infinitive-headed Polish label + English verbal gloss,lemma,gotować,high-surface; semantic sense unresolved,false,gotować / ugotować,gotować;ugotować,,,,false,none-structured; inspect free text/context,,Verb. 'Gotuję' = I cook.,Uwielbiam gotować w weekendy.,gotować,2,true,true,true,true,true,0,exact,128,,,"Leading infinitive is counted as the primary lemma candidate; phrase sense, aspect relation, and case pattern are not inferred from this row."
data-a2.js,core-A1-B1-lexical-card,a2,A2,a2-food-shopping,Jedzenie i zakupy,a2-food-shopping-006,smażyć,to fry,infinitive-headed Polish label + English verbal gloss,lemma,smażyć,high-surface; semantic sense unresolved,false,smażyć / usmażyć,smażyć;usmażyć,,,,false,none-structured; inspect free text/context,,Verb.,Trzeba usmażyć cebulę na patelni.,smażyć,1,true,true,true,true,true,0,exact,646,,,"Leading infinitive is counted as the primary lemma candidate; phrase sense, aspect relation, and case pattern are not inferred from this row."
data-a2.js,core-A1-B1-lexical-card,a2,A2,a2-food-shopping,Jedzenie i zakupy,a2-food-shopping-007,piec,to bake,infinitive-headed Polish label + English verbal gloss,lemma,piec,high-surface; semantic sense unresolved,false,piec / upiec,piec;upiec,,,,false,none-structured; inspect free text/context,,Verb. 'Piekę' = I bake.,Często piekę chleb w domu.,piec,1,true,true,true,true,true,0,exact,401,,,"Leading infinitive is counted as the primary lemma candidate; phrase sense, aspect relation, and case pattern are not inferred from this row."
data-a2.js,core-A1-B1-lexical-card,a2,A2,a2-travel-holidays,Podróże i wakacje,a2-travel-holidays-007,rezerwować,to book / reserve,infinitive-headed Polish label + English verbal gloss,lemma,rezerwować,high-surface; semantic sense unresolved,false,rezerwować / zarezerwować,rezerwować;zarezerwować,,,,false,none-structured; inspect free text/context,,Verb. 'Rezerwuję' = I book.,Chcę zarezerwować pokój na dwie noce.,rezerwować,1,true,true,true,true,true,0,absent,,,,"Leading infinitive is counted as the primary lemma candidate; phrase sense, aspect relation, and case pattern are not inferred from this row."
data-a2.js,core-A1-B1-lexical-card,a2,A2,a2-work-education,Praca i edukacja,a2-work-education-007,uczyć się,to study / learn,infinitive-headed Polish label + English verbal gloss,reflexive-lemma,uczyć się,high-surface; semantic sense unresolved,true,uczyć się / nauczyć się,uczyć się;nauczyć się,,,,false,none-structured; inspect free text/context,,Verb. 'Uczę się' = I study.,Muszę się uczyć do egzaminu.,uczyć się,1,true,true,true,true,true,0,exact,718,261,,"Leading infinitive is counted as the primary lemma candidate; phrase sense, aspect relation, and case pattern are not inferred from this row."
data-a2.js,core-A1-B1-lexical-card,a2,A2,a2-work-education,Praca i edukacja,a2-work-education-010,szukać pracy,to look for a job,infinitive-headed Polish label + English verbal gloss,verb-phrase-or-collocation,szukać,high-surface; semantic sense unresolved,false,szukać (impf) / znaleźć (to find),szukać;znaleźć,,,,false,none-structured; inspect free text/context,,Verb phrase.,Od miesiąca szukam nowej pracy.,szukać pracy,1,true,true,true,true,true,0,exact,684,,,"Leading infinitive is counted as the primary lemma candidate; phrase sense, aspect relation, and case pattern are not inferred from this row."
data-a2.js,core-A1-B1-lexical-card,a2,A2,a2-leisure-culture,Czas wolny i kultura,a2-leisure-culture-002,interesować się,to be interested in,infinitive-headed Polish label + English verbal gloss,reflexive-lemma,interesować się,high-surface; semantic sense unresolved,true,interesować się / zainteresować się,interesować się;zainteresować się,,,,false,explicit-case-name-in-card-text,instrumental,Reflexive verb + instrumental case. 'Interesuję się' = I am interested in (ongoing); the perfective 'zainteresować się' means to become interested or to look into something.,Interesuję się polityką i sportem.,interesować się,1,true,true,true,true,true,0,exact,141,,,"Leading infinitive is counted as the primary lemma candidate; phrase sense, aspect relation, and case pattern are not inferred from this row."
data-a2.js,core-A1-B1-lexical-card,a2,A2,a2-leisure-culture,Czas wolny i kultura,a2-leisure-culture-007,uprawiać sport,to do sports,infinitive-headed Polish label + English verbal gloss,verb-phrase-or-collocation,uprawiać,high-surface; semantic sense unresolved,false,uprawiać (impf only),uprawiać,,,,false,none-structured; inspect free text/context,,Verb phrase.,"Trzeba uprawiać sport, żeby być zdrowym.",uprawiać sport,1,true,true,true,true,true,0,exact,746,,,"Leading infinitive is counted as the primary lemma candidate; phrase sense, aspect relation, and case pattern are not inferred from this row."
data-a2.js,core-A1-B1-lexical-card,a2,A2,a2-leisure-culture,Czas wolny i kultura,a2-leisure-culture-008,biegać,to run / jog,infinitive-headed Polish label + English verbal gloss,lemma,biegać,high-surface; semantic sense unresolved,false,"biegać (impf, habitual)",biegać,,,,false,none-structured; inspect free text/context,,Verb. 'Biegam' = I run.,Biegam w parku trzy razy w tygodniu.,biegać,2,true,true,true,true,true,0,absent,,,,"Leading infinitive is counted as the primary lemma candidate; phrase sense, aspect relation, and case pattern are not inferred from this row."
data-a2.js,core-A1-B1-lexical-card,a2,A2,a2-leisure-culture,Czas wolny i kultura,a2-leisure-culture-011,spotykać się,to meet up,infinitive-headed Polish label + English verbal gloss,reflexive-lemma,spotykać się,high-surface; semantic sense unresolved,true,spotykać się / spotkać się,spotykać się;spotkać się,,,,false,none-structured; inspect free text/context,,Reflexive verb.,Często spotykam się z przyjaciółmi w pubie.,spotykać się,1,true,true,true,true,true,0,exact,658,,,"Leading infinitive is counted as the primary lemma candidate; phrase sense, aspect relation, and case pattern are not inferred from this row."
data-a2.js,core-A1-B1-lexical-card,a2,A2,a2-leisure-culture,Czas wolny i kultura,a2-leisure-culture-014,zaprosić,to invite,infinitive-headed Polish label + English verbal gloss,lemma,zaprosić,high-surface; semantic sense unresolved,false,zapraszać / zaprosić,zapraszać;zaprosić,,,,false,none-structured; inspect free text/context,,'zaprosić kogoś na coś'.,Zaprosiłem znajomych na kolację.,zaprosić,1,true,true,true,true,true,0,unreviewed-linked-form-only,,923,,"Leading infinitive is counted as the primary lemma candidate; phrase sense, aspect relation, and case pattern are not inferred from this row."
data-a2.js,core-A1-B1-lexical-card,a2,A2,a2-leisure-culture,Czas wolny i kultura,a2-leisure-culture-016,planować,to plan,infinitive-headed Polish label + English verbal gloss,lemma,planować,high-surface; semantic sense unresolved,false,planować / zaplanować,planować;zaplanować,,,,false,none-structured; inspect free text/context,,"planuję, planujesz.",Planujemy wakacje nad morzem.,planować,1,true,true,true,true,true,0,exact,405,,,"Leading infinitive is counted as the primary lemma candidate; phrase sense, aspect relation, and case pattern are not inferred from this row."
data-a2.js,core-A1-B1-lexical-card,a2,A2,a2-ecology,Ekologia,a2-ecology-001,oddawać,"to give back, return",infinitive-headed Polish label + English verbal gloss,lemma,oddawać,high-surface; semantic sense unresolved,false,oddawać / oddać,oddawać;oddać,aspect-pair,,verb-to-return-give-back,false,none-structured; inspect free text/context,,czas. niedok. / dok. · oddać coś komuś = give sth back to sb.,Oddam butelki w sklepie.,oddawać,1,true,true,true,true,true,1,exact,304,,,"Leading infinitive is counted as the primary lemma candidate; phrase sense, aspect relation, and case pattern are not inferred from this row."
data-a2.js,core-A1-B1-lexical-card,a2,A2,a2-ecology,Ekologia,a2-ecology-002,zwracać,"to return, give back",infinitive-headed Polish label + English verbal gloss,lemma,zwracać,high-surface; semantic sense unresolved,false,zwracać / zwrócić,zwracać;zwrócić,aspect-pair,,verb-to-return-give-back,false,none-structured; inspect free text/context,,czas. niedok. / dok. · Close to oddać; often used for refunds.,Zwrócę butelki i dostanę pieniądze.,zwracać,1,true,true,true,true,true,1,exact,990,,,"Leading infinitive is counted as the primary lemma candidate; phrase sense, aspect relation, and case pattern are not inferred from this row."
data-a2.js,core-A1-B1-lexical-card,a2,A2,a2-ecology,Ekologia,a2-ecology-003,zbierać,"to collect, gather",infinitive-headed Polish label + English verbal gloss,lemma,zbierać,high-surface; semantic sense unresolved,false,zbierać / zebrać,zbierać;zebrać,aspect-pair,,,false,none-structured; inspect free text/context,,czas. niedok. / dok.,Będę zbierać butelki do recyklingu.,zbierać,1,true,true,true,true,true,1,exact,945,,,"Leading infinitive is counted as the primary lemma candidate; phrase sense, aspect relation, and case pattern are not inferred from this row."
data-a2.js,core-A1-B1-lexical-card,a2,A2,a2-ecology,Ekologia,a2-ecology-004,wyrzucać,to throw out,infinitive-headed Polish label + English verbal gloss,lemma,wyrzucać,high-surface; semantic sense unresolved,false,wyrzucać / wyrzucić,wyrzucać;wyrzucić,aspect-pair,,,false,none-structured; inspect free text/context,,czas. niedok. / dok. · wyrzucać śmieci = take out the rubbish.,Wyrzucę śmieci wieczorem.,wyrzucać,1,true,true,true,true,true,1,exact,860,,,"Leading infinitive is counted as the primary lemma candidate; phrase sense, aspect relation, and case pattern are not inferred from this row."
data-a2.js,core-A1-B1-lexical-card,a2,A2,a2-ecology,Ekologia,a2-ecology-005,segregować,"to sort, segregate",infinitive-headed Polish label + English verbal gloss,lemma,segregować,high-surface; semantic sense unresolved,false,,,,,,false,none-structured; inspect free text/context,,czas. (niedok.) · segregować śmieci / odpady.,Będę segregować śmieci w domu.,segregować,1,true,true,true,true,true,0,absent,,,,"Leading infinitive is counted as the primary lemma candidate; phrase sense, aspect relation, and case pattern are not inferred from this row."
data-a2.js,core-A1-B1-lexical-card,a2,A2,a2-ecology,Ekologia,a2-ecology-013,oszczędzać,"to save (water, power)",infinitive-headed Polish label + English verbal gloss,lemma,oszczędzać,high-surface; semantic sense unresolved,false,oszczędzać / oszczędzić,oszczędzać;oszczędzić,aspect-pair,,,false,none-structured; inspect free text/context,,"czas. niedok. / dok. · oszczędzać wodę, prąd.",Będę oszczędzać wodę i prąd.,oszczędzać,2,true,true,true,true,true,1,exact,377,,,"Leading infinitive is counted as the primary lemma candidate; phrase sense, aspect relation, and case pattern are not inferred from this row."
data-a2.js,core-A1-B1-lexical-card,a2,A2,a2-ecology,Ekologia,a2-ecology-014,wyłączać,"to switch off, turn off",infinitive-headed Polish label + English verbal gloss,lemma,wyłączać,high-surface; semantic sense unresolved,false,wyłączać / wyłączyć,wyłączać;wyłączyć,aspect-pair,,,false,none-structured; inspect free text/context,,czas. niedok. / dok. · Opposite: włączać / włączyć (turn on).,Wyłączę komputer na noc.,wyłączać,1,true,true,true,true,true,1,exact,837,,,"Leading infinitive is counted as the primary lemma candidate; phrase sense, aspect relation, and case pattern are not inferred from this row."
data-a2.js,core-A1-B1-lexical-card,a2,A2,a2-ecology,Ekologia,a2-ecology-015,zakręcać,to turn off (a tap),infinitive-headed Polish label + English verbal gloss,lemma,zakręcać,high-surface; semantic sense unresolved,false,zakręcać / zakręcić,zakręcać;zakręcić,aspect-pair,,,false,none-structured; inspect free text/context,,czas. niedok. / dok. · zakręcać wodę = turn off the water.,Zakręcaj wodę podczas mycia zębów.,zakręcać,1,true,true,true,true,true,1,exact,901,,,"Leading infinitive is counted as the primary lemma candidate; phrase sense, aspect relation, and case pattern are not inferred from this row."
data-a2.js,core-A1-B1-lexical-card,a2,A2,a2-ecology,Ekologia,a2-ecology-016,marnować,to waste,infinitive-headed Polish label + English verbal gloss,lemma,marnować,high-surface; semantic sense unresolved,false,marnować / zmarnować,marnować;zmarnować,aspect-pair,,,false,none-structured; inspect free text/context,,"czas. niedok. / dok. · marnować wodę, jedzenie, czas.",Nie będę marnować jedzenia.,marnować,1,true,true,true,true,true,1,absent,,,,"Leading infinitive is counted as the primary lemma candidate; phrase sense, aspect relation, and case pattern are not inferred from this row."
data-a2.js,core-A1-B1-lexical-card,a2,A2,a2-ecology,Ekologia,a2-ecology-020,brać prysznic,to take a shower,infinitive-headed Polish label + English verbal gloss,verb-phrase-or-collocation,brać,high-surface; semantic sense unresolved,false,brać / wziąć prysznic,brać;wziąć,aspect-pair,,,false,none-structured; inspect free text/context,,czas. niedok. / dok. · zamiast kąpieli = instead of a bath.,Będę brać prysznic zamiast kąpieli.,brać prysznic,2,true,true,true,true,true,1,exact,15,,,"Leading infinitive is counted as the primary lemma candidate; phrase sense, aspect relation, and case pattern are not inferred from this row."
data-a2.js,core-A1-B1-lexical-card,a2,A2,a2-ecology,Ekologia,a2-ecology-021,kupować,to buy,infinitive-headed Polish label + English verbal gloss,lemma,kupować,high-surface; semantic sense unresolved,false,kupować / kupić,kupować;kupić,aspect-pair,,,false,none-structured; inspect free text/context,,czas. niedok. / dok.,Nie będę kupować nowych ubrań.,kupować,2,true,true,true,true,true,1,exact,185,,,"Leading infinitive is counted as the primary lemma candidate; phrase sense, aspect relation, and case pattern are not inferred from this row."
data-a2.js,core-A1-B1-lexical-card,a2,A2,a2-ecology,Ekologia,a2-ecology-022,wymieniać się,"to swap, exchange",infinitive-headed Polish label + English verbal gloss,reflexive-lemma,wymieniać się,high-surface; semantic sense unresolved,true,wymieniać się / wymienić się,wymieniać się;wymienić się,aspect-pair,,,false,explicit-case-name-in-card-text,narzędnik,czas. niedok. / dok. + narzędnik · wymieniać się ubraniami = swap clothes.,Wymieniam się ubraniami z koleżankami.,wymieniać się,1,true,true,true,true,true,1,opposite-reflexivity-base-collision-only,,,841,"Leading infinitive is counted as the primary lemma candidate; phrase sense, aspect relation, and case pattern are not inferred from this row."
data-a2.js,core-A1-B1-lexical-card,a2,A2,a2-ecology,Ekologia,a2-ecology-023,pakować,to pack,infinitive-headed Polish label + English verbal gloss,lemma,pakować,high-surface; semantic sense unresolved,false,pakować / zapakować,pakować;zapakować,aspect-pair,,,false,none-structured; inspect free text/context,,czas. niedok. / dok.,Zapakuję zakupy do własnej torby.,pakować,1,true,true,true,true,true,1,exact,390,,,"Leading infinitive is counted as the primary lemma candidate; phrase sense, aspect relation, and case pattern are not inferred from this row."
data-a2.js,core-A1-B1-lexical-card,a2,A2,a2-ecology,Ekologia,a2-ecology-024,używać,to use,infinitive-headed Polish label + English verbal gloss,lemma,używać,high-surface; semantic sense unresolved,false,używać / użyć,używać;użyć,aspect-pair,,,false,explicit-case-name-in-card-text,dopełniacz;genitive,czas. niedok. / dok. + dopełniacz · Takes genitive: używać plastiku.,Będę używać wielorazowych opakowań.,używać,1,true,true,true,true,true,1,exact,767,,,"Leading infinitive is counted as the primary lemma candidate; phrase sense, aspect relation, and case pattern are not inferred from this row."
data-a2.js,core-A1-B1-lexical-card,a2,A2,a2-ecology,Ekologia,a2-ecology-026,inwestować,to invest,infinitive-headed Polish label + English verbal gloss,lemma,inwestować,high-surface; semantic sense unresolved,false,inwestować / zainwestować,inwestować;zainwestować,aspect-pair,,,false,none-structured; inspect free text/context,,czas. niedok. / dok. · inwestować w zieloną energię.,Będę inwestować w zieloną energię.,inwestować,2,true,true,true,true,true,1,absent,,,,"Leading infinitive is counted as the primary lemma candidate; phrase sense, aspect relation, and case pattern are not inferred from this row."
data-a2.js,core-A1-B1-lexical-card,a2,A2,a2-ecology,Ekologia,a2-ecology-027,redukować,to reduce,infinitive-headed Polish label + English verbal gloss,lemma,redukować,high-surface; semantic sense unresolved,false,redukować / zredukować,redukować;zredukować,aspect-pair,,,false,none-structured; inspect free text/context,,czas. niedok. / dok. · redukować emisję CO2.,Musimy redukować emisję CO2.,redukować,1,true,true,true,true,true,1,absent,,,,"Leading infinitive is counted as the primary lemma candidate; phrase sense, aspect relation, and case pattern are not inferred from this row."
data-a2.js,core-A1-B1-lexical-card,a2,A2,a2-ecology,Ekologia,a2-ecology-028,wycinać,to cut down,infinitive-headed Polish label + English verbal gloss,lemma,wycinać,high-surface; semantic sense unresolved,false,wycinać / wyciąć,wycinać;wyciąć,aspect-pair,,,false,none-structured; inspect free text/context,,czas. niedok. / dok. · wycinać drzewa = cut down trees.,Nie powinniśmy wycinać drzew.,wycinać,1,true,true,true,true,true,1,absent,,,,"Leading infinitive is counted as the primary lemma candidate; phrase sense, aspect relation, and case pattern are not inferred from this row."
data-a2.js,core-A1-B1-lexical-card,a2,A2,a2-appearance-clothes,Wygląd i ubrania,a2-appearance-clothes-001,wyglądać na,to look (a certain way),infinitive-headed Polish label + English verbal gloss,verb-phrase-or-collocation,wyglądać,high-surface; semantic sense unresolved,false,,,,,,false,explicit-case-name-in-card-text,biernik,czas. + biernik · wyglądać na zmęczonego = to look tired.,Wyglądasz na zmęczoną.,wyglądać na,1,true,true,true,true,true,0,exact,826,,,"Leading infinitive is counted as the primary lemma candidate; phrase sense, aspect relation, and case pattern are not inferred from this row."
data-a2.js,core-A1-B1-lexical-card,a2,A2,a2-appearance-clothes,Wygląd i ubrania,a2-appearance-clothes-002,być podobnym do,to look like / resemble,infinitive-headed Polish label + English verbal gloss,verb-phrase-or-collocation,być,high-surface; semantic sense unresolved,false,,,,,,false,explicit-case-name-in-card-text,dopełniacz,+ dopełniacz · podobny do ojca = like one's father.,Jesteś bardzo podobny do brata.,być podobnym do,1,true,true,true,true,true,0,exact,25,,,"Leading infinitive is counted as the primary lemma candidate; phrase sense, aspect relation, and case pattern are not inferred from this row."
data-a2.js,core-A1-B1-lexical-card,a2,A2,a2-appearance-clothes,Wygląd i ubrania,a2-appearance-clothes-003,mieć na sobie,to have on / be wearing,infinitive-headed Polish label + English verbal gloss,verb-phrase-or-collocation,mieć,high-surface; semantic sense unresolved,false,,,,,,false,explicit-case-name-in-card-text,biernik,+ biernik · the everyday way to say 'wearing'.,Ona ma na sobie czerwoną sukienkę.,mieć na sobie,1,true,true,true,true,true,0,exact,214,,,"Leading infinitive is counted as the primary lemma candidate; phrase sense, aspect relation, and case pattern are not inferred from this row."
data-a2.js,core-A1-B1-lexical-card,a2,A2,a2-appearance-clothes,Wygląd i ubrania,a2-appearance-clothes-004,nosić,to wear (habitually),infinitive-headed Polish label + English verbal gloss,lemma,nosić,high-surface; semantic sense unresolved,false,,,,,,false,none-structured; inspect free text/context,,"czas. niedok. · for what you wear regularly, not right now.",Zimą noszę ciepłą czapkę.,nosić,2,true,true,true,true,true,0,exact,270,,,"Leading infinitive is counted as the primary lemma candidate; phrase sense, aspect relation, and case pattern are not inferred from this row."
data-a2.js,core-A1-B1-lexical-card,a2,A2,a2-appearance-clothes,Wygląd i ubrania,a2-appearance-clothes-005,zakładać,to put on,infinitive-headed Polish label + English verbal gloss,lemma,zakładać,high-surface; semantic sense unresolved,false,zakładać / założyć,zakładać;założyć,aspect-pair,,,false,none-structured; inspect free text/context,,dok. / niedok. · założyć kurtkę = put a jacket on.,"Załóż kurtkę, jest zimno.",zakładać,1,true,true,true,true,true,1,exact,898,,,"Leading infinitive is counted as the primary lemma candidate; phrase sense, aspect relation, and case pattern are not inferred from this row."
data-a2.js,core-A1-B1-lexical-card,a2,A2,a2-appearance-clothes,Wygląd i ubrania,a2-appearance-clothes-006,przymierzyć,to try on,infinitive-headed Polish label + English verbal gloss,lemma,przymierzyć,high-surface; semantic sense unresolved,false,,,,,,false,none-structured; inspect free text/context,,dok. · in a shop: Czy mogę przymierzyć...?,Chcę przymierzyć te buty.,przymierzyć,1,true,true,true,true,true,0,absent,,,,"Leading infinitive is counted as the primary lemma candidate; phrase sense, aspect relation, and case pattern are not inferred from this row."
data-a2.js,core-A1-B1-lexical-card,a2,A2,a2-appearance-clothes,Wygląd i ubrania,a2-appearance-clothes-007,pasować do,to match / suit,infinitive-headed Polish label + English verbal gloss,verb-phrase-or-collocation,pasować,high-surface; semantic sense unresolved,false,,,,,,false,explicit-case-name-in-card-text,dopełniacz,+ dopełniacz · ten szalik pasuje do płaszcza.,Ten kolor pasuje do twoich oczu.,pasować do,1,true,true,true,true,true,0,exact,396,,,"Leading infinitive is counted as the primary lemma candidate; phrase sense, aspect relation, and case pattern are not inferred from this row."
data-a2.js,core-A1-B1-lexical-card,a2,A2,a2-appearance-clothes,Wygląd i ubrania,a2-appearance-clothes-008,leżeć dobrze,to fit well,infinitive-headed Polish label + English verbal gloss,verb-phrase-or-collocation,leżeć,high-surface; semantic sense unresolved,false,,,,,,false,none-structured; inspect free text/context,,o ubraniu · ta sukienka leży idealnie = it fits perfectly.,Te spodnie leżą na tobie świetnie.,leżeć dobrze,1,true,true,true,true,true,0,exact,194,,,"Leading infinitive is counted as the primary lemma candidate; phrase sense, aspect relation, and case pattern are not inferred from this row."
data-a2.js,core-A1-B1-lexical-card,a2,A2,a2-quantities-money,Ilości i pieniądze,a2-quantities-money-002,kosztować,to cost,infinitive-headed Polish label + English verbal gloss,lemma,kosztować,high-surface; semantic sense unresolved,false,,,,,,false,none-structured; inspect free text/context,,czas. · to kosztuje dziesięć złotych.,Kawa kosztuje piętnaście złotych.,kosztować,1,true,true,true,true,true,0,exact,174,,,"Leading infinitive is counted as the primary lemma candidate; phrase sense, aspect relation, and case pattern are not inferred from this row."
data-a2.js,core-A1-B1-lexical-card,a2,A2,a2-quantities-money,Ilości i pieniądze,a2-quantities-money-022,płacić kartą,to pay by card,infinitive-headed Polish label + English verbal gloss,verb-phrase-or-collocation,płacić,high-surface; semantic sense unresolved,false,,,contrast,a2-quantities-money-026,,false,explicit-case-name-in-card-text,instrumental,Instrumental: kartą.,Czy mogę zapłacić kartą?,płacić kartą,1,true,true,true,true,true,0,exact,406,,,"Leading infinitive is counted as the primary lemma candidate; phrase sense, aspect relation, and case pattern are not inferred from this row."
data-a2.js,core-A1-B1-lexical-card,a2,A2,a2-quantities-money,Ilości i pieniądze,a2-quantities-money-026,płacić gotówką,to pay in cash,infinitive-headed Polish label + English verbal gloss,verb-phrase-or-collocation,płacić,high-surface; semantic sense unresolved,false,,,contrast,a2-quantities-money-022,,false,explicit-case-name-in-card-text,instrumental,Instrumental: gotówką.,Wolę płacić gotówką.,płacić gotówką,1,true,true,true,true,true,0,exact,406,,,"Leading infinitive is counted as the primary lemma candidate; phrase sense, aspect relation, and case pattern are not inferred from this row."
data-a2.js,core-A1-B1-lexical-card,a2,A2,a2-directions-orientation,Kierunki i orientacja,a2-directions-orientation-005,skręcić w lewo,to turn left,infinitive-headed Polish label + English verbal gloss,verb-phrase-or-collocation,skręcić,high-surface; semantic sense unresolved,false,,,contrast,a2-directions-orientation-023,,false,none-structured; inspect free text/context,,'w lewo' = to the left.,Proszę skręcić w lewo.,skręcić w lewo,1,true,true,true,true,true,0,absent,,,,"Leading infinitive is counted as the primary lemma candidate; phrase sense, aspect relation, and case pattern are not inferred from this row."
data-a2.js,core-A1-B1-lexical-card,a2,A2,a2-directions-orientation,Kierunki i orientacja,a2-directions-orientation-023,skręcić w prawo,to turn right,infinitive-headed Polish label + English verbal gloss,verb-phrase-or-collocation,skręcić,high-surface; semantic sense unresolved,false,,,contrast,a2-directions-orientation-005,,false,none-structured; inspect free text/context,,'w prawo' = to the right.,Na rogu proszę skręcić w prawo.,skręcić w prawo,1,true,true,true,true,true,0,absent,,,,"Leading infinitive is counted as the primary lemma candidate; phrase sense, aspect relation, and case pattern are not inferred from this row."
data-a2.js,core-A1-B1-lexical-card,a2,A2,a2-directions-orientation,Kierunki i orientacja,a2-directions-orientation-006,iść wzdłuż,to go along,infinitive-headed Polish label + English verbal gloss,verb-phrase-or-collocation,iść,high-surface; semantic sense unresolved,false,,,,,,false,explicit-case-name-in-card-text,dopełniacz,+ dopełniacz · wzdłuż ulicy = along the street.,Proszę iść wzdłuż rzeki.,iść wzdłuż,1,true,true,true,true,true,0,exact,143,,,"Leading infinitive is counted as the primary lemma candidate; phrase sense, aspect relation, and case pattern are not inferred from this row."
data-a2.js,core-A1-B1-lexical-card,a2,A2,a2-directions-orientation,Kierunki i orientacja,a2-directions-orientation-007,minąć,to pass / go past,infinitive-headed Polish label + English verbal gloss,lemma,minąć,high-surface; semantic sense unresolved,false,,,,,,false,explicit-case-name-in-card-text,biernik,dok. + biernik · minąć kościół = pass the church.,Proszę minąć park i skręcić w lewo.,minąć,1,true,true,true,true,true,0,absent,,,,"Leading infinitive is counted as the primary lemma candidate; phrase sense, aspect relation, and case pattern are not inferred from this row."
data-a2.js,core-A1-B1-lexical-card,a2,A2,a2-directions-orientation,Kierunki i orientacja,a2-directions-orientation-020,zabłądzić,to get lost,infinitive-headed Polish label + English verbal gloss,lemma,zabłądzić,high-surface; semantic sense unresolved,false,,,,,,false,none-structured; inspect free text/context,,dok. · zabłądziłem = I've got lost.,"Chyba zabłądziłem, gdzie jestem?",zabłądzić,1,true,true,true,true,true,0,absent,,,,"Leading infinitive is counted as the primary lemma candidate; phrase sense, aspect relation, and case pattern are not inferred from this row."
data-a2.js,core-A1-B1-lexical-card,a2,A2,a2-nature-animals,Przyroda i zwierzęta,a2-nature-animals-021,iść na spacer,to go for a walk,infinitive-headed Polish label + English verbal gloss,verb-phrase-or-collocation,iść,high-surface; semantic sense unresolved,false,iść / pójść,iść;pójść,,,,false,none-structured; inspect free text/context,,'spacer' = a walk for pleasure.,Po pracy idę na spacer do parku.,iść na spacer,1,true,true,true,true,true,0,exact,143,,,"Leading infinitive is counted as the primary lemma candidate; phrase sense, aspect relation, and case pattern are not inferred from this row."
data-a2.js,core-A1-B1-lexical-card,a2,A2,a2-holidays-traditions,Święta i tradycje,a2-holidays-traditions-018,świętować,to celebrate,infinitive-headed Polish label + English verbal gloss,lemma,świętować,high-surface; semantic sense unresolved,false,świętować (impf only),świętować,,,,false,none-structured; inspect free text/context,,"świętuję, świętujesz. 'obchodzić' also = to celebrate.",Świętujemy dziś rocznicę ślubu.,świętować,1,true,true,true,true,true,0,absent,,,,"Leading infinitive is counted as the primary lemma candidate; phrase sense, aspect relation, and case pattern are not inferred from this row."
data-a2.js,core-A1-B1-lexical-card,a2,A2,a2-holidays-traditions,Święta i tradycje,a2-holidays-traditions-019,zapraszać,to invite,infinitive-headed Polish label + English verbal gloss,lemma,zapraszać,high-surface; semantic sense unresolved,false,zapraszać / zaprosić,zapraszać;zaprosić,,,,false,none-structured; inspect free text/context,,"zapraszam, zapraszasz. 'Zapraszam!' also = come in / help yourself.",Zapraszam cię na moje urodziny.,zapraszać,1,true,true,true,true,true,0,exact,923,,,"Leading infinitive is counted as the primary lemma candidate; phrase sense, aspect relation, and case pattern are not inferred from this row."
data-b1.js,core-A1-B1-lexical-card,b1,B1,b1-getting-things-done,Załatwianie spraw,b1-getting-things-done-001,załatwiać sprawy,to run errands,infinitive-headed Polish label + English verbal gloss,verb-phrase-or-collocation,załatwiać,high-surface; semantic sense unresolved,false,załatwiać / załatwić sprawy,załatwiać;załatwić,,,,false,none-structured; inspect free text/context,,Verb phrase.,Muszę dzisiaj załatwić kilka spraw na mieście.,załatwiać sprawy,1,true,true,true,true,true,0,exact,907,,,"Leading infinitive is counted as the primary lemma candidate; phrase sense, aspect relation, and case pattern are not inferred from this row."
data-b1.js,core-A1-B1-lexical-card,b1,B1,b1-getting-things-done,Załatwianie spraw,b1-getting-things-done-010,podpisać umowę,to sign a contract,infinitive-headed Polish label + English verbal gloss,verb-phrase-or-collocation,podpisać,high-surface; semantic sense unresolved,false,podpisywać / podpisać umowę,podpisywać;podpisać,,,,false,none-structured; inspect free text/context,,Verb phrase.,"Zanim wynajmiesz mieszkanie, musisz podpisać umowę.",podpisać umowę,1,true,true,true,true,true,0,unreviewed-linked-form-only,,426,,"Leading infinitive is counted as the primary lemma candidate; phrase sense, aspect relation, and case pattern are not inferred from this row."
data-b1.js,core-A1-B1-lexical-card,b1,B1,b1-getting-things-done,Załatwianie spraw,b1-getting-things-done-011,obciąć włosy,to get a haircut,infinitive-headed Polish label + English verbal gloss,verb-phrase-or-collocation,obciąć,high-surface; semantic sense unresolved,false,obcinać / obciąć włosy,obcinać;obciąć,,,,false,none-structured; inspect free text/context,,Literally 'to cut hair'.,Idę do fryzjera obciąć włosy.,obciąć włosy,1,true,true,true,true,true,0,unreviewed-linked-form-only,,278,,"Leading infinitive is counted as the primary lemma candidate; phrase sense, aspect relation, and case pattern are not inferred from this row."
data-b1.js,core-A1-B1-lexical-card,b1,B1,b1-getting-things-done,Załatwianie spraw,b1-getting-things-done-012,odebrać,to pick up / collect,infinitive-headed Polish label + English verbal gloss,lemma,odebrać,high-surface; semantic sense unresolved,false,odbierać / odebrać,odbierać;odebrać,,,,false,none-structured; inspect free text/context,,Verb. 'Odbieram' = I pick up.,Muszę odebrać paczkę z paczkomatu.,odebrać,1,true,true,true,true,true,0,unreviewed-linked-form-only,,297,,"Leading infinitive is counted as the primary lemma candidate; phrase sense, aspect relation, and case pattern are not inferred from this row."
data-b1.js,core-A1-B1-lexical-card,b1,B1,b1-getting-things-done,Załatwianie spraw,b1-getting-things-done-015,odwołać wizytę,to cancel an appointment,infinitive-headed Polish label + English verbal gloss,verb-phrase-or-collocation,odwołać,high-surface; semantic sense unresolved,false,odwoływać / odwołać wizytę,odwoływać;odwołać,,,,false,none-structured; inspect free text/context,,Verb phrase.,Niestety muszę odwołać naszą dzisiejszą wizytę.,odwołać wizytę,1,true,true,true,true,true,0,unreviewed-linked-form-only,,339,,"Leading infinitive is counted as the primary lemma candidate; phrase sense, aspect relation, and case pattern are not inferred from this row."
data-b1.js,core-A1-B1-lexical-card,b1,B1,b1-expressing-opinions,Wyrażanie opinii,b1-expressing-opinions-012,Przekonać,To convince,infinitive-headed Polish label + English verbal gloss,lemma,przekonać,high-surface; semantic sense unresolved,false,przekonywać / przekonać,przekonywać;przekonać,,,,false,none-structured; inspect free text/context,,Verb.,Spróbuję go do tego przekonać.,przekonać,1,true,true,true,true,true,0,unreviewed-linked-form-only,,507,,"Leading infinitive is counted as the primary lemma candidate; phrase sense, aspect relation, and case pattern are not inferred from this row."
data-b1.js,core-A1-B1-lexical-card,b1,B1,b1-money-finance,Pieniądze i finanse,b1-money-finance-004,oszczędzać,to save money,infinitive-headed Polish label + English verbal gloss,lemma,oszczędzać,high-surface; semantic sense unresolved,false,oszczędzać / zaoszczędzić,oszczędzać;zaoszczędzić,,,,false,none-structured; inspect free text/context,,Verb.,Staram się oszczędzać na wakacje.,oszczędzać,2,true,true,true,true,true,0,exact,377,,,"Leading infinitive is counted as the primary lemma candidate; phrase sense, aspect relation, and case pattern are not inferred from this row."
data-b1.js,core-A1-B1-lexical-card,b1,B1,b1-money-finance,Pieniądze i finanse,b1-money-finance-006,zarabiać,to earn,infinitive-headed Polish label + English verbal gloss,lemma,zarabiać,high-surface; semantic sense unresolved,false,zarabiać / zarobić,zarabiać;zarobić,,,,false,none-structured; inspect free text/context,,Verb. 'Zarabiam' = I earn. A woman says: Chciałabym.,Chciałbym zarabiać więcej pieniędzy.,zarabiać,1,true,true,true,true,true,0,exact,924,,,"Leading infinitive is counted as the primary lemma candidate; phrase sense, aspect relation, and case pattern are not inferred from this row."
data-b1.js,core-A1-B1-lexical-card,b1,B1,b1-money-finance,Pieniądze i finanse,b1-money-finance-007,wydawać,to spend (money),infinitive-headed Polish label + English verbal gloss,lemma,wydawać,high-surface; semantic sense unresolved,false,wydawać / wydać,wydawać;wydać,,,,false,none-structured; inspect free text/context,,Verb. 'Wydaję' = I spend.,Ona wydaje dużo na ubrania.,wydawać,1,true,true,true,true,true,0,exact,823,,,"Leading infinitive is counted as the primary lemma candidate; phrase sense, aspect relation, and case pattern are not inferred from this row."
data-b1.js,core-A1-B1-lexical-card,b1,B1,b1-money-finance,Pieniądze i finanse,b1-money-finance-009,pożyczyć,to borrow / to lend,infinitive-headed Polish label + English verbal gloss,lemma,pożyczyć,high-surface; semantic sense unresolved,false,pożyczać / pożyczyć,pożyczać;pożyczyć,,,,false,none-structured; inspect free text/context,,Context determines which one it is.,Czy możesz mi pożyczyć stówę?,pożyczyć,1,true,true,true,true,true,0,unreviewed-linked-form-only,,482,,"Leading infinitive is counted as the primary lemma candidate; phrase sense, aspect relation, and case pattern are not inferred from this row."
data-b1.js,core-A1-B1-lexical-card,b1,B1,b1-money-finance,Pieniądze i finanse,b1-money-finance-011,wypłacić gotówkę,to withdraw cash,infinitive-headed Polish label + English verbal gloss,verb-phrase-or-collocation,wypłacić,high-surface; semantic sense unresolved,false,wypłacać / wypłacić gotówkę,wypłacać;wypłacić,,,,false,none-structured; inspect free text/context,,Verb phrase.,Muszę wypłacić gotówkę z bankomatu.,wypłacić gotówkę,1,true,true,true,true,true,0,absent,,,,"Leading infinitive is counted as the primary lemma candidate; phrase sense, aspect relation, and case pattern are not inferred from this row."
data-b1.js,core-A1-B1-lexical-card,b1,B1,b1-money-finance,Pieniądze i finanse,b1-money-finance-013,płacić rachunki,to pay bills,infinitive-headed Polish label + English verbal gloss,verb-phrase-or-collocation,płacić,high-surface; semantic sense unresolved,false,płacić / zapłacić rachunki,płacić;zapłacić,,,,false,none-structured; inspect free text/context,,Verb phrase.,Nienawidzę płacić rachunków na początku miesiąca.,płacić rachunki,1,true,true,true,true,true,0,exact,406,,,"Leading infinitive is counted as the primary lemma candidate; phrase sense, aspect relation, and case pattern are not inferred from this row."
data-b1.js,core-A1-B1-lexical-card,b1,B1,b1-money-finance,Pieniądze i finanse,b1-money-finance-014,inwestować,to invest,infinitive-headed Polish label + English verbal gloss,lemma,inwestować,high-surface; semantic sense unresolved,false,inwestować / zainwestować,inwestować;zainwestować,,,,false,none-structured; inspect free text/context,,Verb. A woman says: Zaczęłam.,Zacząłem inwestować na giełdzie.,inwestować,2,true,true,true,true,true,0,absent,,,,"Leading infinitive is counted as the primary lemma candidate; phrase sense, aspect relation, and case pattern are not inferred from this row."
data-b1.js,core-A1-B1-lexical-card,b1,B1,b1-career,Życie zawodowe i kariera,b1-career-008,zatrudnić,to hire,infinitive-headed Polish label + English verbal gloss,lemma,zatrudnić,high-surface; semantic sense unresolved,false,zatrudniać / zatrudnić,zatrudniać;zatrudnić,,,,false,none-structured; inspect free text/context,,Verb.,Firma planuje zatrudnić nowe osoby.,zatrudnić,1,true,true,true,true,true,0,unreviewed-linked-form-only,,936,,"Leading infinitive is counted as the primary lemma candidate; phrase sense, aspect relation, and case pattern are not inferred from this row."
data-b1.js,core-A1-B1-lexical-card,b1,B1,b1-career,Życie zawodowe i kariera,b1-career-009,zwolnić się,to quit / resign,infinitive-headed Polish label + English verbal gloss,reflexive-lemma,zwolnić się,high-surface; semantic sense unresolved,true,zwalniać się / zwolnić się,zwalniać się;zwolnić się,,,,false,none-structured; inspect free text/context,,Reflexive verb.,"Nie lubię tej pracy, chyba się zwolnię.",zwolnić się,1,true,true,true,true,true,0,absent,,,,"Leading infinitive is counted as the primary lemma candidate; phrase sense, aspect relation, and case pattern are not inferred from this row."
data-b1.js,core-A1-B1-lexical-card,b1,B1,b1-career,Życie zawodowe i kariera,b1-career-013,negocjować,to negotiate,infinitive-headed Polish label + English verbal gloss,lemma,negocjować,high-surface; semantic sense unresolved,false,negocjować / wynegocjować,negocjować;wynegocjować,,,,false,none-structured; inspect free text/context,,Verb.,Chcę negocjować warunki umowy.,negocjować,1,true,true,true,true,true,0,absent,,,,"Leading infinitive is counted as the primary lemma candidate; phrase sense, aspect relation, and case pattern are not inferred from this row."
data-b1.js,core-A1-B1-lexical-card,b1,B1,b1-character-emotions,Charakter i emocje,b1-character-emotions-001,zmienić zdanie,to change one's mind,infinitive-headed Polish label + English verbal gloss,verb-phrase-or-collocation,zmienić,high-surface; semantic sense unresolved,false,zmieniać / zmienić zdanie,zmieniać;zmienić,,,,false,none-structured; inspect free text/context,,Verb phrase. A woman says: Miałam / zmieniłam.,"Miałem tam iść, ale zmieniłem zdanie.",zmienić zdanie,1,true,true,true,true,true,0,unreviewed-linked-form-only,,966,,"Leading infinitive is counted as the primary lemma candidate; phrase sense, aspect relation, and case pattern are not inferred from this row."
data-b1.js,core-A1-B1-lexical-card,b1,B1,b1-character-emotions,Charakter i emocje,b1-character-emotions-002,mieć poczucie humoru,to have a sense of humour,infinitive-headed Polish label + English verbal gloss,verb-phrase-or-collocation,mieć,high-surface; semantic sense unresolved,false,,,,,,false,none-structured; inspect free text/context,,Verb phrase.,On ma świetne poczucie humoru.,mieć poczucie humoru,1,true,true,true,true,true,0,exact,214,,,"Leading infinitive is counted as the primary lemma candidate; phrase sense, aspect relation, and case pattern are not inferred from this row."
data-b1.js,core-A1-B1-lexical-card,b1,B1,b1-character-emotions,Charakter i emocje,b1-character-emotions-008,denerwować się,to get nervous / angry,infinitive-headed Polish label + English verbal gloss,reflexive-lemma,denerwować się,high-surface; semantic sense unresolved,true,denerwować się / zdenerwować się,denerwować się;zdenerwować się,,,,false,none-structured; inspect free text/context,,Reflexive verb.,"Proszę się nie denerwować, wszystko naprawimy.",denerwować się,1,true,true,true,true,true,0,exact,64,,,"Leading infinitive is counted as the primary lemma candidate; phrase sense, aspect relation, and case pattern are not inferred from this row."
data-b1.js,core-A1-B1-lexical-card,b1,B1,b1-character-emotions,Charakter i emocje,b1-character-emotions-010,bać się,to be afraid,infinitive-headed Polish label + English verbal gloss,reflexive-lemma,bać się,high-surface; semantic sense unresolved,true,bać się (impf only),bać się,,,,false,explicit-case-name-in-card-text,genitive,Verb. Followed by Genitive case.,Boję się pająków i latania samolotem.,bać się,1,true,true,true,true,true,0,exact,5,,,"Leading infinitive is counted as the primary lemma candidate; phrase sense, aspect relation, and case pattern are not inferred from this row."
data-b1.js,core-A1-B1-lexical-card,b1,B1,b1-character-emotions,Charakter i emocje,b1-character-emotions-011,cieszyć się,to be glad / happy,infinitive-headed Polish label + English verbal gloss,reflexive-lemma,cieszyć się,high-surface; semantic sense unresolved,true,cieszyć się / ucieszyć się,cieszyć się;ucieszyć się,,,,false,none-structured; inspect free text/context,,Reflexive verb.,"Bardzo się cieszę, że cię widzę.",cieszyć się,1,true,true,true,true,true,0,exact,45,,,"Leading infinitive is counted as the primary lemma candidate; phrase sense, aspect relation, and case pattern are not inferred from this row."
data-b1.js,core-A1-B1-lexical-card,b1,B1,b1-character-emotions,Charakter i emocje,b1-character-emotions-012,być z siebie dumnym,to be proud of oneself,infinitive-headed Polish label + English verbal gloss,verb-phrase-or-collocation,być,high-surface; semantic sense unresolved,false,,,,,,false,none-structured; inspect free text/context,,Verb phrase. A woman says: Zdałam / dumna.,"Zdałem ten trudny egzamin, jestem z siebie dumny.",być z siebie dumnym,1,true,true,true,true,true,0,exact,25,,,"Leading infinitive is counted as the primary lemma candidate; phrase sense, aspect relation, and case pattern are not inferred from this row."
data-b1.js,core-A1-B1-lexical-card,b1,B1,b1-media-technology,Media i technologia,b1-media-technology-002,ściągnąć,to download,infinitive-headed Polish label + English verbal gloss,lemma,ściągnąć,high-surface; semantic sense unresolved,false,ściągać / ściągnąć,ściągać;ściągnąć,,,,false,none-structured; inspect free text/context,,"Informal, very common.",Musisz ściągnąć nowy plik z internetu.,ściągnąć,1,true,true,true,true,true,0,unreviewed-linked-form-only,,686,,"Leading infinitive is counted as the primary lemma candidate; phrase sense, aspect relation, and case pattern are not inferred from this row."
data-b1.js,core-A1-B1-lexical-card,b1,B1,b1-media-technology,Media i technologia,b1-media-technology-006,zalogować się,to log in,infinitive-headed Polish label + English verbal gloss,reflexive-lemma,zalogować się,high-surface; semantic sense unresolved,true,logować się / zalogować się,logować się;zalogować się,,,,false,none-structured; inspect free text/context,,Reflexive verb.,"Musisz się zalogować, żeby zobaczyć zdjęcia.",zalogować się,1,true,true,true,true,true,0,absent,,,,"Leading infinitive is counted as the primary lemma candidate; phrase sense, aspect relation, and case pattern are not inferred from this row."
data-b1.js,core-A1-B1-lexical-card,b1,B1,b1-media-technology,Media i technologia,b1-media-technology-007,wylogować się,to log out,infinitive-headed Polish label + English verbal gloss,reflexive-lemma,wylogować się,high-surface; semantic sense unresolved,true,wylogowywać się / wylogować się,wylogowywać się;wylogować się,,,,false,none-structured; inspect free text/context,,Reflexive verb.,"Pamiętaj, żeby się wylogować z aplikacji bankowej.",wylogować się,1,true,true,true,true,true,0,absent,,,,"Leading infinitive is counted as the primary lemma candidate; phrase sense, aspect relation, and case pattern are not inferred from this row."
data-b1.js,core-A1-B1-lexical-card,b1,B1,b1-media-technology,Media i technologia,b1-media-technology-008,udostępnić,to share (online),infinitive-headed Polish label + English verbal gloss,lemma,udostępnić,high-surface; semantic sense unresolved,false,udostępniać / udostępnić,udostępniać;udostępnić,,,,false,none-structured; inspect free text/context,,Verb.,Udostępnij ten artykuł na swoim profilu.,udostępnić,1,true,true,true,true,true,0,unreviewed-linked-form-only,,723,,"Leading infinitive is counted as the primary lemma candidate; phrase sense, aspect relation, and case pattern are not inferred from this row."
data-b1.js,core-A1-B1-lexical-card,b1,B1,b1-healthy-lifestyle,Zdrowy styl życia,b1-healthy-lifestyle-003,odżywiać się,to eat / to nourish oneself,infinitive-headed Polish label + English verbal gloss,reflexive-lemma,odżywiać się,high-surface; semantic sense unresolved,true,odżywiać się (impf only),odżywiać się,,,verb-to-eat,false,none-structured; inspect free text/context,,'zdrowo się odżywiać' = to eat healthily.,Staram się zdrowo odżywiać.,odżywiać się,1,true,true,true,true,true,0,absent,,,,"Leading infinitive is counted as the primary lemma candidate; phrase sense, aspect relation, and case pattern are not inferred from this row."
data-b1.js,core-A1-B1-lexical-card,b1,B1,b1-healthy-lifestyle,Zdrowy styl życia,b1-healthy-lifestyle-006,schudnąć,to lose weight,infinitive-headed Polish label + English verbal gloss,lemma,schudnąć,high-surface; semantic sense unresolved,false,chudnąć / schudnąć,chudnąć;schudnąć,,,,false,none-structured; inspect free text/context,,Opposite: 'przytyć' (to gain weight).,Chcę schudnąć pięć kilogramów.,schudnąć,1,true,true,true,true,true,0,absent,,,,"Leading infinitive is counted as the primary lemma candidate; phrase sense, aspect relation, and case pattern are not inferred from this row."
data-b1.js,core-A1-B1-lexical-card,b1,B1,b1-healthy-lifestyle,Zdrowy styl życia,b1-healthy-lifestyle-007,ćwiczyć,to exercise / to work out,infinitive-headed Polish label + English verbal gloss,lemma,ćwiczyć,high-surface; semantic sense unresolved,false,ćwiczyć / poćwiczyć,ćwiczyć;poćwiczyć,,,,false,none-structured; inspect free text/context,,"ćwiczę, ćwiczysz. Also 'to practise'.",Ćwiczę trzy razy w tygodniu.,ćwiczyć,1,true,true,true,true,true,0,exact,55,,,"Leading infinitive is counted as the primary lemma candidate; phrase sense, aspect relation, and case pattern are not inferred from this row."
data-b1.js,core-A1-B1-lexical-card,b1,B1,b1-healthy-lifestyle,Zdrowy styl życia,b1-healthy-lifestyle-012,dbać o siebie,to take care of oneself,infinitive-headed Polish label + English verbal gloss,verb-phrase-or-collocation,dbać,high-surface; semantic sense unresolved,false,dbać / zadbać,dbać;zadbać,,,,false,explicit-case-name-in-card-text,accusative,'dbać o' + accusative.,Warto dbać o siebie każdego dnia.,dbać o siebie,1,true,true,true,true,true,0,exact,60,,,"Leading infinitive is counted as the primary lemma candidate; phrase sense, aspect relation, and case pattern are not inferred from this row."
data-b1.js,core-A1-B1-lexical-card,b1,B1,b1-healthy-lifestyle,Zdrowy styl życia,b1-healthy-lifestyle-016,odpoczywać,to rest,infinitive-headed Polish label + English verbal gloss,lemma,odpoczywać,high-surface; semantic sense unresolved,false,odpoczywać / odpocząć,odpoczywać;odpocząć,,,,false,none-structured; inspect free text/context,,"odpoczywam, odpoczywasz.",Musisz czasem odpocząć.,odpoczywać,2,true,true,true,true,true,0,exact,327,,,"Leading infinitive is counted as the primary lemma candidate; phrase sense, aspect relation, and case pattern are not inferred from this row."
data-b1.js,core-A1-B1-lexical-card,b1,B1,b1-healthy-lifestyle,Zdrowy styl życia,b1-healthy-lifestyle-017,relaksować się,to relax,infinitive-headed Polish label + English verbal gloss,reflexive-lemma,relaksować się,high-surface; semantic sense unresolved,true,relaksować się / zrelaksować się,relaksować się;zrelaksować się,,,,false,none-structured; inspect free text/context,,'zrelaksowany' = relaxed.,"Relaksuję się, słuchając muzyki.",relaksować się,1,true,true,true,true,true,0,absent,,,,"Leading infinitive is counted as the primary lemma candidate; phrase sense, aspect relation, and case pattern are not inferred from this row."
data-b1.js,core-A1-B1-lexical-card,b1,B1,b1-relationships,Relacje i związki,b1-relationships-003,umówić się na randkę,to arrange a date,infinitive-headed Polish label + English verbal gloss,verb-phrase-or-collocation,umówić się,high-surface; semantic sense unresolved,true,umawiać się / umówić się,umawiać się;umówić się,,,,false,none-structured; inspect free text/context,,'umówić się z kimś' = to make a date with someone.,Umówiłem się z nią na kawę.,umówić się na randkę,1,true,true,true,true,true,0,unreviewed-linked-form-only,,736,,"Leading infinitive is counted as the primary lemma candidate; phrase sense, aspect relation, and case pattern are not inferred from this row."
data-b1.js,core-A1-B1-lexical-card,b1,B1,b1-relationships,Relacje i związki,b1-relationships-004,zakochać się,to fall in love,infinitive-headed Polish label + English verbal gloss,reflexive-lemma,zakochać się,high-surface; semantic sense unresolved,true,zakochiwać się / zakochać się,zakochiwać się;zakochać się,,,,false,explicit-case-name-in-card-text,locative,'zakochać się w kimś' + locative.,Zakochałem się w niej od pierwszego wejrzenia.,zakochać się,1,true,true,true,true,true,0,unreviewed-linked-form-only,,899,,"Leading infinitive is counted as the primary lemma candidate; phrase sense, aspect relation, and case pattern are not inferred from this row."
data-b1.js,core-A1-B1-lexical-card,b1,B1,b1-relationships,Relacje i związki,b1-relationships-005,kochać,to love,infinitive-headed Polish label + English verbal gloss,lemma,kochać,high-surface; semantic sense unresolved,false,,,contrast,b1-relationships-022,,false,none-structured; inspect free text/context,,Strong and romantic.,Kocham cię.,kochać,2,true,true,true,true,true,0,exact,162,,,"Leading infinitive is counted as the primary lemma candidate; phrase sense, aspect relation, and case pattern are not inferred from this row."
data-b1.js,core-A1-B1-lexical-card,b1,B1,b1-relationships,Relacje i związki,b1-relationships-022,lubić,to like,infinitive-headed Polish label + English verbal gloss,lemma,lubić,high-surface; semantic sense unresolved,false,,,contrast,b1-relationships-005,,false,none-structured; inspect free text/context,,Weaker than 'kochać'.,Lubię cię.,lubić,2,true,true,true,true,true,0,exact,197,,,"Leading infinitive is counted as the primary lemma candidate; phrase sense, aspect relation, and case pattern are not inferred from this row."
data-b1.js,core-A1-B1-lexical-card,b1,B1,b1-relationships,Relacje i związki,b1-relationships-011,rozstać się,to break up,infinitive-headed Polish label + English verbal gloss,reflexive-lemma,rozstać się,high-surface; semantic sense unresolved,true,rozstawać się / rozstać się,rozstawać się;rozstać się,,,,false,explicit-case-name-in-card-text,instrumental,'rozstać się z kimś' + instrumental.,Rozstali się po pięciu latach.,rozstać się,1,true,true,true,true,true,0,unreviewed-linked-form-only,,613,,"Leading infinitive is counted as the primary lemma candidate; phrase sense, aspect relation, and case pattern are not inferred from this row."
data-b1.js,core-A1-B1-lexical-card,b1,B1,b1-relationships,Relacje i związki,b1-relationships-012,tęsknić,to miss (someone),infinitive-headed Polish label + English verbal gloss,lemma,tęsknić,high-surface; semantic sense unresolved,false,tęsknić / zatęsknić,tęsknić;zatęsknić,,,,false,explicit-case-name-in-card-text,instrumental,'tęsknić za kimś' + instrumental.,"Tęsknię za tobą, kiedy wyjeżdżasz.",tęsknić,1,true,true,true,true,true,0,exact,696,,,"Leading infinitive is counted as the primary lemma candidate; phrase sense, aspect relation, and case pattern are not inferred from this row."
data-b1.js,core-A1-B1-lexical-card,b1,B1,b1-relationships,Relacje i związki,b1-relationships-014,pokłócić się,to have an argument,infinitive-headed Polish label + English verbal gloss,reflexive-lemma,pokłócić się,high-surface; semantic sense unresolved,true,kłócić się / pokłócić się,kłócić się;pokłócić się,,,,false,none-structured; inspect free text/context,,'pokłócić się z kimś o coś'.,Pokłóciliśmy się o pieniądze.,pokłócić się,1,true,true,true,true,true,0,unreviewed-linked-form-only,,161,,"Leading infinitive is counted as the primary lemma candidate; phrase sense, aspect relation, and case pattern are not inferred from this row."
data-b1.js,core-A1-B1-lexical-card,b1,B1,b1-relationships,Relacje i związki,b1-relationships-015,pogodzić się,to make up / reconcile,infinitive-headed Polish label + English verbal gloss,reflexive-lemma,pogodzić się,high-surface; semantic sense unresolved,true,godzić się / pogodzić się,godzić się;pogodzić się,,,,false,none-structured; inspect free text/context,,The happy ending after a kłótnia.,Na szczęście szybko się pogodziliśmy.,pogodzić się,1,true,true,true,true,true,0,absent,,,,"Leading infinitive is counted as the primary lemma candidate; phrase sense, aspect relation, and case pattern are not inferred from this row."
data-b1.js,core-A1-B1-lexical-card,b1,B1,b1-relationships,Relacje i związki,b1-relationships-016,przepraszać,to apologise,infinitive-headed Polish label + English verbal gloss,lemma,przepraszać,high-surface; semantic sense unresolved,false,przepraszać / przeprosić,przepraszać;przeprosić,,,,false,none-structured; inspect free text/context,,'Przepraszam' is also just 'excuse me / sorry'.,"Przepraszam, że tak powiedziałem.",przepraszać,1,true,true,true,true,true,0,exact,519,,,"Leading infinitive is counted as the primary lemma candidate; phrase sense, aspect relation, and case pattern are not inferred from this row."
data-b1.js,core-A1-B1-lexical-card,b1,B1,b1-relationships,Relacje i związki,b1-relationships-017,wybaczyć,to forgive,infinitive-headed Polish label + English verbal gloss,lemma,wybaczyć,high-surface; semantic sense unresolved,false,wybaczać / wybaczyć,wybaczać;wybaczyć,,,,false,explicit-case-name-in-card-text,dative,'wybaczyć komuś' + dative.,Czy możesz mi wybaczyć?,wybaczyć,1,true,true,true,true,true,0,unreviewed-linked-form-only,,815,,"Leading infinitive is counted as the primary lemma candidate; phrase sense, aspect relation, and case pattern are not inferred from this row."
data-b1.js,core-A1-B1-lexical-card,b1,B1,b1-relationships,Relacje i związki,b1-relationships-019,zdradzić,to cheat / betray,infinitive-headed Polish label + English verbal gloss,lemma,zdradzić,high-surface; semantic sense unresolved,false,zdradzać / zdradzić,zdradzać;zdradzić,,,,false,none-structured; inspect free text/context,,Strong word. 'zdrada' = betrayal / an affair.,"Nie mógł jej wybaczyć, że go zdradziła.",zdradzić,1,true,true,true,true,true,0,unreviewed-linked-form-only,,956,,"Leading infinitive is counted as the primary lemma candidate; phrase sense, aspect relation, and case pattern are not inferred from this row."
data-b1.js,core-A1-B1-lexical-card,b1,B1,b1-relationships,Relacje i związki,b1-relationships-021,zgadzać się,to agree,infinitive-headed Polish label + English verbal gloss,reflexive-lemma,zgadzać się,high-surface; semantic sense unresolved,true,zgadzać się / zgodzić się,zgadzać się;zgodzić się,,,,false,explicit-case-name-in-card-text,instrumental,'zgadzać się z kimś' + instrumental. Opposite: 'nie zgadzać się'.,Zgadzam się z tobą w tej sprawie.,zgadzać się,1,true,true,true,true,true,0,exact,958,,,"Leading infinitive is counted as the primary lemma candidate; phrase sense, aspect relation, and case pattern are not inferred from this row."
data-b1.js,core-A1-B1-lexical-card,b1,B1,b1-culture-entertainment,Kultura i rozrywka,b1-culture-entertainment-018,polecać,to recommend,infinitive-headed Polish label + English verbal gloss,lemma,polecać,high-surface; semantic sense unresolved,false,polecać / polecić,polecać;polecić,,,,false,none-structured; inspect free text/context,,'Polecam!' = I recommend it! Very common.,Gorąco polecam tę książkę.,polecać,1,true,true,true,true,true,0,exact,438,,,"Leading infinitive is counted as the primary lemma candidate; phrase sense, aspect relation, and case pattern are not inferred from this row."
data-b1.js,core-A1-B1-lexical-card,b1,B1,b1-travel-problems,Problemy w podróży,b1-travel-problems-003,zgubić,to lose,infinitive-headed Polish label + English verbal gloss,lemma,zgubić,high-surface; semantic sense unresolved,false,gubić / zgubić,gubić;zgubić,,,,false,none-structured; inspect free text/context,,'zgubić się' = to get lost (yourself).,Zgubiłem paszport na lotnisku.,zgubić,1,true,true,true,true,true,0,unreviewed-linked-form-only,,135,,"Leading infinitive is counted as the primary lemma candidate; phrase sense, aspect relation, and case pattern are not inferred from this row."
data-b1.js,core-A1-B1-lexical-card,b1,B1,b1-travel-problems,Problemy w podróży,b1-travel-problems-006,ukraść,to steal,infinitive-headed Polish label + English verbal gloss,lemma,ukraść,high-surface; semantic sense unresolved,false,kraść / ukraść,kraść;ukraść,,,,false,none-structured; inspect free text/context,,'kradzież' = theft.,Ktoś ukradł mi portfel w metrze.,ukraść,1,true,true,true,true,true,0,unreviewed-linked-form-only,,175,,"Leading infinitive is counted as the primary lemma candidate; phrase sense, aspect relation, and case pattern are not inferred from this row."
data-b1.js,core-A1-B1-lexical-card,b1,B1,b1-travel-problems,Problemy w podróży,b1-travel-problems-008,zgłosić,to report,infinitive-headed Polish label + English verbal gloss,lemma,zgłosić,high-surface; semantic sense unresolved,false,zgłaszać / zgłosić,zgłaszać;zgłosić,,,,false,none-structured; inspect free text/context,,'zgłosić coś na policji' = to report something to the police.,Muszę zgłosić kradzież na policji.,zgłosić,1,true,true,true,true,true,0,unreviewed-linked-form-only,,959,,"Leading infinitive is counted as the primary lemma candidate; phrase sense, aspect relation, and case pattern are not inferred from this row."
data-b1.js,core-A1-B1-lexical-card,b1,B1,b1-travel-problems,Problemy w podróży,b1-travel-problems-017,utknąć,to get stuck / stranded,infinitive-headed Polish label + English verbal gloss,lemma,utknąć,high-surface; semantic sense unresolved,false,utykać / utknąć,utykać;utknąć,,,,false,none-structured; inspect free text/context,,'utknąć na lotnisku' = to be stranded at the airport.,Utknęliśmy na lotnisku na całą noc.,utknąć,1,true,true,true,true,true,0,absent,,,,"Leading infinitive is counted as the primary lemma candidate; phrase sense, aspect relation, and case pattern are not inferred from this row."
data-b1.js,core-A1-B1-lexical-card,b1,B1,b1-idioms,Idiomy,b1-idioms-003,robić z igły widły,to make a mountain out of a molehill,infinitive-headed Polish label + English verbal gloss,idiom-or-register-marked-verb-phrase,robić,high-surface; semantic sense unresolved,false,,,,,,false,explicit-case-name-in-card-text,genitive,Literally: to make a pitchfork out of a needle. Under negation the object takes the genitive: nie rób wideł.,"Nie rób z igły wideł, to naprawdę drobiazg.",robić z igły widły,1,true,true,true,true,true,0,exact,586,,,"Leading infinitive is counted as the primary lemma candidate; phrase sense, aspect relation, and case pattern are not inferred from this row."
data-b1.js,core-A1-B1-lexical-card,b1,B1,b1-idioms,Idiomy,b1-idioms-006,czuć do kogoś miętę,to have a crush on someone,infinitive-headed Polish label + English verbal gloss,idiom-or-register-marked-verb-phrase,czuć,high-surface; semantic sense unresolved,false,,,,,,false,none-structured; inspect free text/context,,Literally: to feel mint towards someone.,Chyba czuje do niej miętę.,czuć do kogoś miętę,1,true,true,true,true,true,0,exact,50,,,"Leading infinitive is counted as the primary lemma candidate; phrase sense, aspect relation, and case pattern are not inferred from this row."
data-b1.js,core-A1-B1-lexical-card,b1,B1,b1-idioms,Idiomy,b1-idioms-007,rzucać grochem o ścianę,to talk to a brick wall,infinitive-headed Polish label + English verbal gloss,idiom-or-register-marked-verb-phrase,rzucać,high-surface; semantic sense unresolved,false,,,,,,false,none-structured; inspect free text/context,,Literally: to throw peas against a wall.,"Tłumaczę mu to od godziny, ale to jak rzucanie grochem o ścianę.",rzucać grochem o ścianę,1,true,true,true,true,true,0,exact,630,,,"Leading infinitive is counted as the primary lemma candidate; phrase sense, aspect relation, and case pattern are not inferred from this row."
data-b1.js,core-A1-B1-lexical-card,b1,B1,b1-idioms,Idiomy,b1-idioms-008,wiercić komuś dziurę w brzuchu,to nag someone relentlessly,infinitive-headed Polish label + English verbal gloss,idiom-or-register-marked-verb-phrase,wiercić,high-surface; semantic sense unresolved,false,,,,,,false,none-structured; inspect free text/context,,Literally: to drill a hole in someone's belly.,"Dzieci wierciły mi dziurę w brzuchu, żebym kupił im psa.",wiercić komuś dziurę w brzuchu,1,true,true,false,true,true,0,absent,,,,"Leading infinitive is counted as the primary lemma candidate; phrase sense, aspect relation, and case pattern are not inferred from this row."
data-b1.js,core-A1-B1-lexical-card,b1,B1,b1-idioms,Idiomy,b1-idioms-010,mieć muchy w nosie,to be grumpy / in a huff,infinitive-headed Polish label + English verbal gloss,idiom-or-register-marked-verb-phrase,mieć,high-surface; semantic sense unresolved,false,,,,,,false,none-structured; inspect free text/context,,Literally: to have flies in one's nose.,"Nie zaczepiaj go, ma dziś muchy w nosie.",mieć muchy w nosie,1,true,true,true,true,true,0,exact,214,,,"Leading infinitive is counted as the primary lemma candidate; phrase sense, aspect relation, and case pattern are not inferred from this row."
data-b1.js,core-A1-B1-lexical-card,b1,B1,b1-idioms,Idiomy,b1-idioms-011,rzucać słowa na wiatr,to make empty promises,infinitive-headed Polish label + English verbal gloss,idiom-or-register-marked-verb-phrase,rzucać,high-surface; semantic sense unresolved,false,,,,,,false,none-structured; inspect free text/context,,Literally: to throw words to the wind.,"On nie rzuca słów na wiatr - jak coś obieca, to zrobi.",rzucać słowa na wiatr,1,true,true,true,true,true,0,exact,630,,,"Leading infinitive is counted as the primary lemma candidate; phrase sense, aspect relation, and case pattern are not inferred from this row."
data-b1.js,core-A1-B1-lexical-card,b1,B1,b1-idioms,Idiomy,b1-idioms-012,być nie w sosie,to be out of sorts,infinitive-headed Polish label + English verbal gloss,idiom-or-register-marked-verb-phrase,być,high-surface; semantic sense unresolved,false,,,,,,false,none-structured; inspect free text/context,,Literally: to be not in the sauce.,Coś jesteś dzisiaj nie w sosie.,być nie w sosie,1,true,true,true,true,true,0,exact,25,,,"Leading infinitive is counted as the primary lemma candidate; phrase sense, aspect relation, and case pattern are not inferred from this row."
data-b1.js,core-A1-B1-lexical-card,b1,B1,b1-idioms,Idiomy,b1-idioms-013,urwać się z choinki,to be clueless / out of touch,infinitive-headed Polish label + English verbal gloss,idiom-or-register-marked-verb-phrase,urwać się,high-surface; semantic sense unresolved,true,,,,,,false,none-structured; inspect free text/context,,Literally: to have fallen off the Christmas tree. A woman says: urwałaś.,Ty chyba urwałeś się z choinki - to już dawno nieaktualne.,urwać się z choinki,1,true,true,true,true,true,0,absent,,,,"Leading infinitive is counted as the primary lemma candidate; phrase sense, aspect relation, and case pattern are not inferred from this row."
data-b1.js,core-A1-B1-lexical-card,b1,B1,b1-idioms,Idiomy,b1-idioms-014,wpaść jak śliwka w kompot,to land in a fine mess,infinitive-headed Polish label + English verbal gloss,idiom-or-register-marked-verb-phrase,wpaść,high-surface; semantic sense unresolved,false,,,,,,false,none-structured; inspect free text/context,,Literally: to fall in like a plum into compote. A woman says: Wpadłam.,Wpadłem jak śliwka w kompot z tym projektem.,wpaść jak śliwka w kompot,1,true,true,true,true,true,0,absent,,,,"Leading infinitive is counted as the primary lemma candidate; phrase sense, aspect relation, and case pattern are not inferred from this row."
data-b1.js,core-A1-B1-lexical-card,b1,B1,b1-idioms,Idiomy,b1-idioms-015,trzymać kciuki,to keep one's fingers crossed,infinitive-headed Polish label + English verbal gloss,idiom-or-register-marked-verb-phrase,trzymać,high-surface; semantic sense unresolved,false,,,,,,false,none-structured; inspect free text/context,,Literally: to hold thumbs.,Trzymam kciuki za twój jutrzejszy egzamin.,trzymać kciuki,1,true,true,true,true,true,0,exact,705,,,"Leading infinitive is counted as the primary lemma candidate; phrase sense, aspect relation, and case pattern are not inferred from this row."
data-b1.js,core-A1-B1-lexical-card,b1,B1,b1-idioms,Idiomy,b1-idioms-017,siedzieć jak na szpilkach,to be on pins and needles,infinitive-headed Polish label + English verbal gloss,idiom-or-register-marked-verb-phrase,siedzieć,high-surface; semantic sense unresolved,false,,,,,,false,none-structured; inspect free text/context,,To wait in nervous anticipation.,Czekam na wyniki i siedzę jak na szpilkach.,siedzieć jak na szpilkach,1,true,true,true,true,true,0,exact,635,,,"Leading infinitive is counted as the primary lemma candidate; phrase sense, aspect relation, and case pattern are not inferred from this row."
data-b1.js,core-A1-B1-lexical-card,b1,B1,b1-idioms,Idiomy,b1-idioms-018,odwracać kota ogonem,to twist the facts,infinitive-headed Polish label + English verbal gloss,idiom-or-register-marked-verb-phrase,odwracać,high-surface; semantic sense unresolved,false,,,,,,false,none-structured; inspect free text/context,,Literally: to turn the cat around by its tail. A woman says: powiedziałaś.,"Nie odwracaj kota ogonem, wiesz, co powiedziałeś.",odwracać kota ogonem,1,true,true,true,true,true,0,opposite-reflexivity-base-collision-only,,,341,"Leading infinitive is counted as the primary lemma candidate; phrase sense, aspect relation, and case pattern are not inferred from this row."
data-b1.js,core-A1-B1-lexical-card,b1,B1,b1-idioms,Idiomy,b1-idioms-019,wieszać na kimś psy,to drag someone's name through the mud,infinitive-headed Polish label + English verbal gloss,idiom-or-register-marked-verb-phrase,wieszać,high-surface; semantic sense unresolved,false,,,,,,false,none-structured; inspect free text/context,,Literally: to hang dogs on someone.,"Wszyscy wieszają na nim psy, a on nic nie zrobił.",wieszać na kimś psy,1,true,true,true,true,true,0,exact,782,,,"Leading infinitive is counted as the primary lemma candidate; phrase sense, aspect relation, and case pattern are not inferred from this row."
data-b1.js,core-A1-B1-lexical-card,b1,B1,b1-idioms,Idiomy,b1-idioms-020,wywoływać wilka z lasu,to tempt fate,infinitive-headed Polish label + English verbal gloss,idiom-or-register-marked-verb-phrase,wywoływać,high-surface; semantic sense unresolved,false,,,,,,false,none-structured; inspect free text/context,,Literally: to call the wolf out of the woods.,"Nie mówmy o awariach, żeby nie wywoływać wilka z lasu.",wywoływać wilka z lasu,1,true,true,true,true,true,0,exact,870,,,"Leading infinitive is counted as the primary lemma candidate; phrase sense, aspect relation, and case pattern are not inferred from this row."
data-b1.js,core-A1-B1-lexical-card,b1,B1,b1-idioms,Idiomy,b1-idioms-021,kupować kota w worku,to buy a pig in a poke,infinitive-headed Polish label + English verbal gloss,idiom-or-register-marked-verb-phrase,kupować,high-surface; semantic sense unresolved,false,,,,,,false,none-structured; inspect free text/context,,Literally: to buy a cat in a bag. Buying blind.,"Sprawdź auto przed zakupem, nie kupuj kota w worku.",kupować kota w worku,1,true,true,true,true,true,0,exact,185,,,"Leading infinitive is counted as the primary lemma candidate; phrase sense, aspect relation, and case pattern are not inferred from this row."
data-b1.js,core-A1-B1-lexical-card,b1,B1,b1-idioms,Idiomy,b1-idioms-022,pasować jak wół do karety,to stick out like a sore thumb,infinitive-headed Polish label + English verbal gloss,idiom-or-register-marked-verb-phrase,pasować,high-surface; semantic sense unresolved,false,,,,,,false,none-structured; inspect free text/context,,Literally: to fit like an ox to a carriage. Total clash.,Ten budynek pasuje tu jak wół do karety.,pasować jak wół do karety,1,true,true,true,true,true,0,exact,396,,,"Leading infinitive is counted as the primary lemma candidate; phrase sense, aspect relation, and case pattern are not inferred from this row."
data-b1.js,core-A1-B1-lexical-card,b1,B1,b1-idioms,Idiomy,b1-idioms-023,mieć węża w kieszeni,to be stingy,infinitive-headed Polish label + English verbal gloss,idiom-or-register-marked-verb-phrase,mieć,high-surface; semantic sense unresolved,false,,,,,,false,none-structured; inspect free text/context,,"Literally: to have a snake in one's pocket, so you fear reaching for your wallet.","On nigdy nie stawia kolejki, ma węża w kieszeni.",mieć węża w kieszeni,1,true,true,true,true,true,0,exact,214,,,"Leading infinitive is counted as the primary lemma candidate; phrase sense, aspect relation, and case pattern are not inferred from this row."
data-b1.js,core-A1-B1-lexical-card,b1,B1,b1-idioms,Idiomy,b1-idioms-026,szukać dziury w całym,to nitpick,infinitive-headed Polish label + English verbal gloss,idiom-or-register-marked-verb-phrase,szukać,high-surface; semantic sense unresolved,false,,,,,,false,none-structured; inspect free text/context,,Literally: to look for a hole in the whole.,"Wszystko gra, przestań szukać dziury w całym.",szukać dziury w całym,1,true,true,true,true,true,0,exact,684,,,"Leading infinitive is counted as the primary lemma candidate; phrase sense, aspect relation, and case pattern are not inferred from this row."
data-b1.js,core-A1-B1-lexical-card,b1,B1,b1-idioms,Idiomy,b1-idioms-027,wziąć się w garść,to pull yourself together,infinitive-headed Polish label + English verbal gloss,idiom-or-register-marked-verb-phrase,wziąć się,high-surface; semantic sense unresolved,true,,,,,,false,none-structured; inspect free text/context,,Literally: to take yourself in a fist.,Przestań narzekać i weź się w garść.,wziąć się w garść,1,true,true,true,true,true,0,absent,,,,"Leading infinitive is counted as the primary lemma candidate; phrase sense, aspect relation, and case pattern are not inferred from this row."
data-b1.js,core-A1-B1-lexical-card,b1,B1,b1-everyday-slang,Codzienny slang,b1-everyday-slang-014,kminić,to think / figure out,infinitive-headed Polish label + English verbal gloss,lemma,kminić,high-surface; semantic sense unresolved,false,kminić / rozkminić,kminić;rozkminić,,,,false,none-structured; inspect free text/context,,Casual 'to ponder / puzzle over'. Perfective: rozkminić.,Kminię nad tym już godzinę.,kminić,1,true,true,true,true,true,0,absent,,,,"Leading infinitive is counted as the primary lemma candidate; phrase sense, aspect relation, and case pattern are not inferred from this row."
data-b1.js,core-A1-B1-lexical-card,b1,B1,b1-everyday-slang,Codzienny slang,b1-everyday-slang-015,obczaić,to check out,infinitive-headed Polish label + English verbal gloss,lemma,obczaić,high-surface; semantic sense unresolved,false,obczajać / obczaić,obczajać;obczaić,,,,false,none-structured; inspect free text/context,,To look something over or scope it out. Also 'obczaj to'.,Musisz obczaić ten nowy lokal w centrum.,obczaić,1,true,true,true,true,true,0,absent,,,,"Leading infinitive is counted as the primary lemma candidate; phrase sense, aspect relation, and case pattern are not inferred from this row."
data-b1.js,core-A1-B1-lexical-card,b1,B1,b1-everyday-slang,Codzienny slang,b1-everyday-slang-016,ogarnąć,to sort out / handle,infinitive-headed Polish label + English verbal gloss,lemma,ogarnąć,high-surface; semantic sense unresolved,false,ogarniać / ogarnąć,ogarniać;ogarnąć,,,,false,none-structured; inspect free text/context,,To get a grip on something. 'Ogarnij się' = pull yourself together.,"Spokojnie, ogarnę to do jutra.",ogarnąć,1,true,true,true,true,true,0,unreviewed-linked-form-only,,346,,"Leading infinitive is counted as the primary lemma candidate; phrase sense, aspect relation, and case pattern are not inferred from this row."
data-b1.js,core-A1-B1-lexical-card,b1,B1,b1-everyday-slang,Codzienny slang,b1-everyday-slang-017,czaić,to get it / to catch on,infinitive-headed Polish label + English verbal gloss,lemma,czaić,high-surface; semantic sense unresolved,false,czaić / zaczaić,czaić;zaczaić,,,,false,none-structured; inspect free text/context,,'Czaisz?' = 'you follow?'. 'Nie czaję' = 'I don't get it'.,"Zupełnie nie czaję, o co mu chodzi.",czaić,1,true,true,true,true,true,0,absent,,,,"Leading infinitive is counted as the primary lemma candidate; phrase sense, aspect relation, and case pattern are not inferred from this row."
data-b1.js,core-A1-B1-lexical-card,b1,B1,b1-everyday-slang,Codzienny slang,b1-everyday-slang-018,kombinować,to wangle / to find a workaround,infinitive-headed Polish label + English verbal gloss,lemma,kombinować,high-surface; semantic sense unresolved,false,kombinować / wykombinować,kombinować;wykombinować,,,,false,none-structured; inspect free text/context,,A very Polish idea of hustling around the rules to get things done.,"Nie kombinuj, tylko zrób to normalnie.",kombinować,1,true,true,true,true,true,0,absent,,,,"Leading infinitive is counted as the primary lemma candidate; phrase sense, aspect relation, and case pattern are not inferred from this row."
data-b1.js,core-A1-B1-lexical-card,b1,B1,b1-everyday-slang,Codzienny slang,b1-everyday-slang-020,olać to,to blow it off / to not bother,infinitive-headed Polish label + English verbal gloss,idiom-or-register-marked-verb-phrase,olać,high-surface; semantic sense unresolved,false,olewać / olać,olewać;olać,,,,false,none-structured; inspect free text/context,,To deliberately not care about something. 'Olej to' = 'let it go / forget it'.,"Olej to, nie warto się stresować.",olać to,1,true,true,true,true,true,0,absent,,,,"Leading infinitive is counted as the primary lemma candidate; phrase sense, aspect relation, and case pattern are not inferred from this row."
data-b1.js,core-A1-B1-lexical-card,b1,B1,b1-corporate-slang,Korpo-slang,b1-corporate-slang-007,harować,to slave away,infinitive-headed Polish label + English verbal gloss,lemma,harować,high-surface; semantic sense unresolved,false,harować (impf only),harować,,,,false,none-structured; inspect free text/context,,To work exhaustingly hard.,Haruję nad tym raportem od rana.,harować,1,true,true,true,true,true,0,absent,,,,"Leading infinitive is counted as the primary lemma candidate; phrase sense, aspect relation, and case pattern are not inferred from this row."
data-b1.js,core-A1-B1-lexical-card,b1,B1,b1-corporate-slang,Korpo-slang,b1-corporate-slang-008,tyrać,to toil,infinitive-headed Polish label + English verbal gloss,lemma,tyrać,high-surface; semantic sense unresolved,false,tyrać (impf only),tyrać,,,,false,none-structured; inspect free text/context,,"Near-synonym of 'harować', equally casual. A woman says: Tyrałam.",Tyrałem nad tym przez cały weekend.,tyrać,1,true,true,true,true,true,0,absent,,,,"Leading infinitive is counted as the primary lemma candidate; phrase sense, aspect relation, and case pattern are not inferred from this row."
data-b1.js,core-A1-B1-lexical-card,b1,B1,b1-corporate-slang,Korpo-slang,b1-corporate-slang-009,ogarnąć temat,to handle it,infinitive-headed Polish label + English verbal gloss,idiom-or-register-marked-verb-phrase,ogarnąć,high-surface; semantic sense unresolved,false,ogarniać / ogarnąć temat,ogarniać;ogarnąć,,,,false,none-structured; inspect free text/context,,To take care of a task or get on top of an issue.,"Spokojnie, ogarnę ten temat do piątku.",ogarnąć temat,1,true,true,true,true,true,0,unreviewed-linked-form-only,,346,,"Leading infinitive is counted as the primary lemma candidate; phrase sense, aspect relation, and case pattern are not inferred from this row."
data-b1.js,core-A1-B1-lexical-card,b1,B1,b1-urban-party-slang,Slang miejski i imprezowy,b1-urban-party-slang-002,wbić,to drop by / roll up,infinitive-headed Polish label + English verbal gloss,lemma,wbić,high-surface; semantic sense unresolved,false,wbijać / wbić,wbijać;wbić,,,,false,none-structured; inspect free text/context,,Literally 'to hammer in'. Arriving somewhere casually.,Mogę do ciebie wbić po pracy?,wbić,1,true,true,true,true,true,0,absent,,,,"Leading infinitive is counted as the primary lemma candidate; phrase sense, aspect relation, and case pattern are not inferred from this row."
data-b1.js,core-A1-B1-lexical-card,b1,B1,b1-urban-party-slang,Slang miejski i imprezowy,b1-urban-party-slang-009,lecieć,to dash off,infinitive-headed Polish label + English verbal gloss,lemma,lecieć,high-surface; semantic sense unresolved,false,lecieć / polecieć,lecieć;polecieć,,,,false,none-structured; inspect free text/context,,To head out quickly. 'Muszę lecieć' = gotta run.,"Muszę lecieć, mam autobus.",lecieć,1,true,true,true,true,true,0,exact,190,,,"Leading infinitive is counted as the primary lemma candidate; phrase sense, aspect relation, and case pattern are not inferred from this row."
data-b1.js,core-A1-B1-lexical-card,b1,B1,b1-urban-party-slang,Slang miejski i imprezowy,b1-urban-party-slang-010,spadać,to bounce / head off,infinitive-headed Polish label + English verbal gloss,lemma,spadać,high-surface; semantic sense unresolved,false,,,,,,false,none-structured; inspect free text/context,,To leave. 'Spadam' = I'm out of here.,"Spadam, robi się późno.",spadać,1,true,true,true,true,true,0,exact,650,,,"Leading infinitive is counted as the primary lemma candidate; phrase sense, aspect relation, and case pattern are not inferred from this row."
data-b1.js,core-A1-B1-lexical-card,b1,B1,b1-swearing,Przekleństwa,b1-swearing-008,zawracać dupę,to pester / to bug,infinitive-headed Polish label + English verbal gloss,idiom-or-register-marked-verb-phrase,zawracać,high-surface; semantic sense unresolved,false,,,,,,true,none-structured; inspect free text/context,,'Nie zawracaj mi dupy' = 'stop bothering me'.,"Nie zawracaj mi teraz dupy, pracuję.",zawracać dupę,1,true,true,false,false,true,0,absent,,,,"Leading infinitive is counted as the primary lemma candidate; phrase sense, aspect relation, and case pattern are not inferred from this row."
data-b1.js,core-A1-B1-lexical-card,b1,B1,b1-swearing,Przekleństwa,b1-swearing-009,mieć ból dupy,to be butthurt,infinitive-headed Polish label + English verbal gloss,idiom-or-register-marked-verb-phrase,mieć,high-surface; semantic sense unresolved,false,,,,,,true,none-structured; inspect free text/context,,To sulk out of petty jealousy. Literally 'to have an ass-ache'.,"Ma ból dupy, bo nie dostał zaproszenia.",mieć ból dupy,1,true,true,false,false,true,0,exact,214,,,"Leading infinitive is counted as the primary lemma candidate; phrase sense, aspect relation, and case pattern are not inferred from this row."
data-b1.js,core-A1-B1-lexical-card,b1,B1,b1-swearing,Przekleństwa,b1-swearing-010,wkurzać się,to get annoyed,infinitive-headed Polish label + English verbal gloss,reflexive-lemma,wkurzać się,high-surface; semantic sense unresolved,true,wkurzać się / wkurzyć się,wkurzać się;wkurzyć się,,,,true,none-structured; inspect free text/context,,"The clean, everyday form of the vulgar 'wkurwić się'.","Przestań, bo zaczynam się wkurzać.",wkurzać się,1,true,true,false,false,true,0,absent,,,,"Leading infinitive is counted as the primary lemma candidate; phrase sense, aspect relation, and case pattern are not inferred from this row."
data-b1.js,core-A1-B1-lexical-card,b1,B1,b1-swearing,Przekleństwa,b1-swearing-011,chrzanić,to screw it / to talk rubbish,infinitive-headed Polish label + English verbal gloss,lemma,chrzanić,high-surface; semantic sense unresolved,false,,,,,swear-to-talk-rubbish;swear-to-screw-it,true,none-structured; inspect free text/context,,A softened 'pierdolić'. 'Chrzań to' = 'forget it'. Literally 'to horseradish'.,"Chrzanię to, nie robię tego dłużej.",chrzanić,1,true,true,false,false,true,0,absent,,,,"Leading infinitive is counted as the primary lemma candidate; phrase sense, aspect relation, and case pattern are not inferred from this row."
data-b1.js,core-A1-B1-lexical-card,b1,B1,b1-swearing,Przekleństwa,b1-swearing-012,pieprzyć,to talk rubbish / to screw (something),infinitive-headed Polish label + English verbal gloss,lemma,pieprzyć,high-surface; semantic sense unresolved,false,,,,,swear-to-talk-rubbish,true,none-structured; inspect free text/context,,Another polite stand-in for 'pierdolić'. 'Nie pieprz' = 'don't talk rubbish'. Literally 'to pepper'.,"Nie pieprz, przecież to nieprawda.",pieprzyć,1,true,true,false,false,true,0,absent,,,,"Leading infinitive is counted as the primary lemma candidate; phrase sense, aspect relation, and case pattern are not inferred from this row."
data-b1.js,core-A1-B1-lexical-card,b1,B1,b1-swearing,Przekleństwa,b1-swearing-018,pierdolić,to not give a f*** / to screw it,infinitive-headed Polish label + English verbal gloss,lemma,pierdolić,high-surface; semantic sense unresolved,false,,,,,swear-to-screw-it;swear-not-give-a-damn,true,none-structured; inspect free text/context,,"'Pierdolę to' = 'f*** it, I don't care'. Also 'to talk crap'.","Pierdolę to, idę do domu.",pierdolić,1,true,true,false,false,true,0,absent,,,,"Leading infinitive is counted as the primary lemma candidate; phrase sense, aspect relation, and case pattern are not inferred from this row."
data-b1.js,core-A1-B1-lexical-card,b1,B1,b1-swearing,Przekleństwa,b1-swearing-019,spierdalać,to f*** off,infinitive-headed Polish label + English verbal gloss,lemma,spierdalać,high-surface; semantic sense unresolved,false,,,,,,true,none-structured; inspect free text/context,,'Spierdalaj!' = 'f*** off / get lost!'.,"Spierdalaj stąd, zanim wezwę policję.",spierdalać,1,true,true,false,false,true,0,absent,,,,"Leading infinitive is counted as the primary lemma candidate; phrase sense, aspect relation, and case pattern are not inferred from this row."
data-b1.js,core-A1-B1-lexical-card,b1,B1,b1-swearing,Przekleństwa,b1-swearing-020,odpierdalać,to act up / to mess around,infinitive-headed Polish label + English verbal gloss,lemma,odpierdalać,high-surface; semantic sense unresolved,false,,,,,,true,none-structured; inspect free text/context,,'Co ty odpierdalasz?' = 'what the hell are you doing?!'.,Co ci dzisiaj odpierdala?,odpierdalać,1,true,true,false,false,true,0,absent,,,,"Leading infinitive is counted as the primary lemma candidate; phrase sense, aspect relation, and case pattern are not inferred from this row."
data-b1.js,core-A1-B1-lexical-card,b1,B1,b1-swearing,Przekleństwa,b1-swearing-022,przypierdolić się,to pick on / to nitpick,infinitive-headed Polish label + English verbal gloss,reflexive-lemma,przypierdolić się,high-surface; semantic sense unresolved,true,,,,,,true,none-structured; inspect free text/context,,To nag or provoke unfairly. 'Przypierdolić się do kogoś' = to pick on someone.,Szef znowu się do mnie przypierdolił.,przypierdolić się,1,true,true,false,false,true,0,absent,,,,"Leading infinitive is counted as the primary lemma candidate; phrase sense, aspect relation, and case pattern are not inferred from this row."
data-b1.js,core-A1-B1-lexical-card,b1,B1,b1-swearing,Przekleństwa,b1-swearing-023,jebać,"to f*** (very vulgar, all-purpose)",infinitive-headed Polish label + English verbal gloss,lemma,jebać,high-surface; semantic sense unresolved,false,,,,,,true,none-structured; inspect free text/context,,The most vulgar all-purpose verb. 'Jebać to' = 'f*** it'. Avoid in polite company.,"Jebać to, robimy po swojemu.",jebać,1,true,true,false,false,true,0,absent,,,,"Leading infinitive is counted as the primary lemma candidate; phrase sense, aspect relation, and case pattern are not inferred from this row."
data-b1.js,core-A1-B1-lexical-card,b1,B1,b1-swearing,Przekleństwa,b1-swearing-024,wkurwić się,to get pissed off,infinitive-headed Polish label + English verbal gloss,reflexive-lemma,wkurwić się,high-surface; semantic sense unresolved,true,,,,,,true,none-structured; inspect free text/context,,The vulgar form of 'wkurzać się' - seriously angry. A woman says: wkurwiłam / usłyszałam.,"Strasznie się wkurwiłem, kiedy to usłyszałem.",wkurwić się,1,true,true,false,false,true,0,absent,,,,"Leading infinitive is counted as the primary lemma candidate; phrase sense, aspect relation, and case pattern are not inferred from this row."
data-b1.js,core-A1-B1-lexical-card,b1,B1,b1-swearing,Przekleństwa,b1-swearing-025,zjebać,to mess up / to f*** up,infinitive-headed Polish label + English verbal gloss,lemma,zjebać,high-surface; semantic sense unresolved,false,,,,,,true,none-structured; inspect free text/context,,To botch something badly. 'Zjebałem to' = 'I f***ed it up'. A woman says: zjebałam.,Całkowicie zjebałem ten egzamin.,zjebać,1,true,true,false,false,true,0,absent,,,,"Leading infinitive is counted as the primary lemma candidate; phrase sense, aspect relation, and case pattern are not inferred from this row."
data-b1.js,core-A1-B1-lexical-card,b1,B1,b1-swearing,Przekleństwa,b1-swearing-026,mieć wyjebane,to not give a f***,infinitive-headed Polish label + English verbal gloss,idiom-or-register-marked-verb-phrase,mieć,high-surface; semantic sense unresolved,false,,,,,swear-not-give-a-damn,true,none-structured; inspect free text/context,,Total indifference. 'Mam to wyjebane' = 'I couldn't care less'.,"Mam na to wyjebane, róbcie co chcecie.",mieć wyjebane,1,true,true,false,false,true,0,exact,214,,,"Leading infinitive is counted as the primary lemma candidate; phrase sense, aspect relation, and case pattern are not inferred from this row."
data-podcasts.js,podcast-lexical-card,podcasts,Podcasts,podcasts-toxic-productivity,Toksyczna produktywność,podcasts-toxic-productivity-001,ulegać presji,to give in to pressure,infinitive-headed Polish label + English verbal gloss,verb-phrase-or-collocation,ulegać,high-surface; semantic sense unresolved,false,ulegać / ulec presji,ulegać;ulec,,,,false,explicit-case-name-in-card-text,dative,'ulegać' + dative. A very natural way to talk about caving to expectations.,Wielu z nas ulega presji zwiększania produktywności.,ulegać presji,1,true,true,false,false,true,0,exact,734,,,"Leading infinitive is counted as the primary lemma candidate; phrase sense, aspect relation, and case pattern are not inferred from this row."
data-podcasts.js,podcast-lexical-card,podcasts,Podcasts,podcasts-toxic-productivity,Toksyczna produktywność,podcasts-toxic-productivity-002,wpaść w pułapkę,to fall into a trap,infinitive-headed Polish label + English verbal gloss,verb-phrase-or-collocation,wpaść,high-surface; semantic sense unresolved,false,wpadać / wpaść w pułapkę,wpadać;wpaść,,,,false,explicit-case-name-in-card-text,accusative,'wpaść w' + accusative. Figurative and common in everyday speech.,Sam wpadłem w pułapkę optymalizacji każdego dnia.,wpaść w pułapkę,1,true,true,false,false,true,0,unreviewed-linked-form-only,,797,,"Leading infinitive is counted as the primary lemma candidate; phrase sense, aspect relation, and case pattern are not inferred from this row."
data-podcasts.js,podcast-lexical-card,podcasts,Podcasts,podcasts-toxic-productivity,Toksyczna produktywność,podcasts-toxic-productivity-005,sprowadzić kogoś na manowce,to lead someone astray,infinitive-headed Polish label + English verbal gloss,verb-phrase-or-collocation,sprowadzić,high-surface; semantic sense unresolved,false,sprowadzać / sprowadzić na manowce,sprowadzać;sprowadzić,,,,false,none-structured; inspect free text/context,,Idiom. 'na manowce' = off the right path. Sounds fluent.,Skupianie się na wszystkim może nas sprowadzić na manowce.,sprowadzić kogoś na manowce,1,true,true,false,false,true,0,absent,,,,"Leading infinitive is counted as the primary lemma candidate; phrase sense, aspect relation, and case pattern are not inferred from this row."
data-podcasts.js,podcast-lexical-card,podcasts,Podcasts,podcasts-toxic-productivity,Toksyczna produktywność,podcasts-toxic-productivity-008,traktować siebie jak maszynę,to treat yourself like a machine,infinitive-headed Polish label + English verbal gloss,verb-phrase-or-collocation,traktować,high-surface; semantic sense unresolved,false,traktować / potraktować,traktować;potraktować,,,,false,explicit-case-name-in-card-text,accusative,'traktować jak' + accusative - to treat as.,Traktowanie siebie jak maszyny jest patologią.,traktować siebie jak maszynę,1,true,true,false,false,true,0,absent,,,,"Leading infinitive is counted as the primary lemma candidate; phrase sense, aspect relation, and case pattern are not inferred from this row."
data-podcasts.js,podcast-lexical-card,podcasts,Podcasts,podcasts-toxic-productivity,Toksyczna produktywność,podcasts-toxic-productivity-009,prowadzić do wypalenia,to lead to burnout,infinitive-headed Polish label + English verbal gloss,verb-phrase-or-collocation,prowadzić,high-surface; semantic sense unresolved,false,prowadzić / doprowadzić do wypalenia,prowadzić;doprowadzić,,,,false,none-structured; inspect free text/context,,'wypalenie (zawodowe)' = (job) burnout. High-frequency modern word.,Taka rutyna prowadzi tylko do wypalenia.,prowadzić do wypalenia,1,true,true,false,false,true,0,exact,492,,,"Leading infinitive is counted as the primary lemma candidate; phrase sense, aspect relation, and case pattern are not inferred from this row."
data-podcasts.js,podcast-lexical-card,podcasts,Podcasts,podcasts-toxic-productivity,Toksyczna produktywność,podcasts-toxic-productivity-010,marnować czas,to waste time,infinitive-headed Polish label + English verbal gloss,verb-phrase-or-collocation,marnować,high-surface; semantic sense unresolved,false,marnować / zmarnować czas,marnować;zmarnować,,,,false,none-structured; inspect free text/context,,"'marnować' = to waste. Also marnować pieniądze, marnować życie.","Mam poczucie, że marnuję czas.",marnować czas,1,true,true,false,false,true,0,absent,,,,"Leading infinitive is counted as the primary lemma candidate; phrase sense, aspect relation, and case pattern are not inferred from this row."
data-podcasts.js,podcast-lexical-card,podcasts,Podcasts,podcasts-toxic-productivity,Toksyczna produktywność,podcasts-toxic-productivity-012,czuć się wyczerpanym,to feel exhausted,infinitive-headed Polish label + English verbal gloss,verb-phrase-or-collocation,czuć się,high-surface; semantic sense unresolved,true,,,,,,false,none-structured; inspect free text/context,,"Man: wyczerpany, woman: wyczerpana.",Na koniec dnia jesteśmy po prostu wyczerpani.,czuć się wyczerpanym,1,true,true,false,false,true,0,exact,51,,,"Leading infinitive is counted as the primary lemma candidate; phrase sense, aspect relation, and case pattern are not inferred from this row."
data-podcasts.js,podcast-lexical-card,podcasts,Podcasts,podcasts-toxic-productivity,Toksyczna produktywność,podcasts-toxic-productivity-014,zastanawiać się nad czymś,to ponder / think about something,infinitive-headed Polish label + English verbal gloss,verb-phrase-or-collocation,zastanawiać się,high-surface; semantic sense unresolved,true,zastanawiać się / zastanowić się,zastanawiać się;zastanowić się,,,,false,explicit-case-name-in-card-text,instrumental,'zastanawiać się nad' + instrumental.,Zacząłem się zastanawiać nad toksyczną produktywnością.,zastanawiać się nad czymś,1,true,true,false,false,true,0,exact,929,,,"Leading infinitive is counted as the primary lemma candidate; phrase sense, aspect relation, and case pattern are not inferred from this row."
data-podcasts.js,podcast-lexical-card,podcasts,Podcasts,podcasts-toxic-productivity,Toksyczna produktywność,podcasts-toxic-productivity-015,skupiać się na czymś,to focus on something,infinitive-headed Polish label + English verbal gloss,verb-phrase-or-collocation,skupiać się,high-surface; semantic sense unresolved,true,skupiać się / skupić się,skupiać się;skupić się,,,,false,explicit-case-name-in-card-text,locative,'skupiać się na' + locative. Everyday and essential.,Powinienem skupiać się na rzeczach ważniejszych.,skupiać się na czymś,1,true,true,false,false,true,0,absent,,,,"Leading infinitive is counted as the primary lemma candidate; phrase sense, aspect relation, and case pattern are not inferred from this row."
data-podcasts.js,podcast-lexical-card,podcasts,Podcasts,podcasts-toxic-productivity,Toksyczna produktywność,podcasts-toxic-productivity-016,odreagować po całym dniu,to unwind after a long day,infinitive-headed Polish label + English verbal gloss,verb-phrase-or-collocation,odreagować,high-surface; semantic sense unresolved,false,odreagowywać / odreagować,odreagowywać;odreagować,,,,false,none-structured; inspect free text/context,,"'odreagować' = to blow off steam, decompress. Usually with 'po' - odreagować po pracy, po całym dniu - or naming what you work off: odreagować stres.","Nie mamy przestrzeni, żeby zdrowo odreagować po całym dniu pracy.",odreagować po całym dniu,1,true,true,false,false,true,0,absent,,,,"Leading infinitive is counted as the primary lemma candidate; phrase sense, aspect relation, and case pattern are not inferred from this row."
data-podcasts.js,podcast-lexical-card,podcasts,Podcasts,podcasts-toxic-productivity,Toksyczna produktywność,podcasts-toxic-productivity-017,paść jak muchy,to drop like flies,infinitive-headed Polish label + English verbal gloss,verb-phrase-or-collocation,paść,high-surface; semantic sense unresolved,false,padać / paść,padać;paść,,,,false,none-structured; inspect free text/context,,Idiom for collapsing from exhaustion. Memorable and colloquial.,Bez odpoczynku padniemy jak muchy.,paść jak muchy,1,true,true,false,false,true,0,unreviewed-linked-form-only,,389,,"Leading infinitive is counted as the primary lemma candidate; phrase sense, aspect relation, and case pattern are not inferred from this row."
data-podcasts.js,podcast-lexical-card,podcasts,Podcasts,podcasts-meaning-of-life,Sens życia,podcasts-meaning-of-life-001,żyć niewłaściwym życiem,to live the wrong life,infinitive-headed Polish label + English verbal gloss,verb-phrase-or-collocation,żyć,high-surface; semantic sense unresolved,false,,,,,,false,none-structured; inspect free text/context,,"'niewłaściwy' = wrong, improper. A striking, useful phrase.","Skąd mamy to poczucie, że żyjemy niewłaściwym życiem?",żyć niewłaściwym życiem,1,true,true,false,false,true,0,exact,1001,,,"Leading infinitive is counted as the primary lemma candidate; phrase sense, aspect relation, and case pattern are not inferred from this row."
data-podcasts.js,podcast-lexical-card,podcasts,Podcasts,podcasts-meaning-of-life,Sens życia,podcasts-meaning-of-life-002,"mieć poczucie, że...",to have the feeling that...,infinitive-headed Polish label + English verbal gloss,verb-phrase-or-collocation,mieć,high-surface; semantic sense unresolved,false,,,,,,false,none-structured; inspect free text/context,,'mieć poczucie' + że - a core way to express a hunch or sense.,"Mam poczucie, że to nie jest to.","mieć poczucie, że...",1,true,true,false,false,true,0,exact,214,,,"Leading infinitive is counted as the primary lemma candidate; phrase sense, aspect relation, and case pattern are not inferred from this row."
data-podcasts.js,podcast-lexical-card,podcasts,Podcasts,podcasts-meaning-of-life,Sens życia,podcasts-meaning-of-life-005,łączyć kropki,to connect the dots,infinitive-headed Polish label + English verbal gloss,verb-phrase-or-collocation,łączyć,high-surface; semantic sense unresolved,false,,,,,,false,none-structured; inspect free text/context,,Same metaphor as in English - safe to use.,Jako ludzie staramy się łączyć kropki.,łączyć kropki,1,true,true,false,false,true,0,exact,202,,,"Leading infinitive is counted as the primary lemma candidate; phrase sense, aspect relation, and case pattern are not inferred from this row."
data-podcasts.js,podcast-lexical-card,podcasts,Podcasts,podcasts-meaning-of-life,Sens życia,podcasts-meaning-of-life-007,marnować czas na coś,to waste time on something,infinitive-headed Polish label + English verbal gloss,verb-phrase-or-collocation,marnować,high-surface; semantic sense unresolved,false,,,,,,false,explicit-case-name-in-card-text,accusative,'na' + accusative names what the time is wasted on.,"Mamy poczucie, że marnujemy czas na niektóre rzeczy.",marnować czas na coś,1,true,true,false,false,true,0,absent,,,,"Leading infinitive is counted as the primary lemma candidate; phrase sense, aspect relation, and case pattern are not inferred from this row."
data-podcasts.js,podcast-lexical-card,podcasts,Podcasts,podcasts-meaning-of-life,Sens życia,podcasts-meaning-of-life-010,wytyczać sobie własny szlak,to blaze your own trail,infinitive-headed Polish label + English verbal gloss,verb-phrase-or-collocation,wytyczać,high-surface; semantic sense unresolved,false,,,,,,false,none-structured; inspect free text/context,,"'szlak' = trail, route. A confident, literary phrase.",Mogę sam wytyczać sobie szlak swojego życia.,wytyczać sobie własny szlak,1,true,true,false,false,true,0,absent,,,,"Leading infinitive is counted as the primary lemma candidate; phrase sense, aspect relation, and case pattern are not inferred from this row."
data-podcasts.js,podcast-lexical-card,podcasts,Podcasts,podcasts-meaning-of-life,Sens życia,podcasts-meaning-of-life-011,być panem swojego losu,to be master of your own fate,infinitive-headed Polish label + English verbal gloss,verb-phrase-or-collocation,być,high-surface; semantic sense unresolved,false,,,,,,false,none-structured; inspect free text/context,,Fixed expression. Woman: 'panią swojego losu'.,Ja jestem panem swojego losu.,być panem swojego losu,1,true,true,false,false,true,0,exact,25,,,"Leading infinitive is counted as the primary lemma candidate; phrase sense, aspect relation, and case pattern are not inferred from this row."
data-podcasts.js,podcast-lexical-card,podcasts,Podcasts,podcasts-meaning-of-life,Sens życia,podcasts-meaning-of-life-013,stać się lepszą wersją siebie,to become a better version of yourself,infinitive-headed Polish label + English verbal gloss,verb-phrase-or-collocation,stać się,high-surface; semantic sense unresolved,true,,,,,,false,none-structured; inspect free text/context,,Modern self-development phrase - worth being able to use it and to question it.,"Chodzi o to, by stać się lepszą wersją siebie.",stać się lepszą wersją siebie,1,true,true,false,false,true,0,opposite-reflexivity-base-collision-only,,,667,"Leading infinitive is counted as the primary lemma candidate; phrase sense, aspect relation, and case pattern are not inferred from this row."
data-podcasts.js,podcast-lexical-card,podcasts,Podcasts,podcasts-work-life,Praca a życie,podcasts-work-life-001,kłaść coś na pierwszym miejscu,to put something first,infinitive-headed Polish label + English verbal gloss,verb-phrase-or-collocation,kłaść,high-surface; semantic sense unresolved,false,,,,,,false,none-structured; inspect free text/context,,'kłaść na pierwszym / drugim miejscu' - to prioritise or deprioritise.,"Będę kładł pracę na pierwszym miejscu, a siebie na drugim.",kłaść coś na pierwszym miejscu,1,true,true,false,false,true,0,exact,159,,,"Leading infinitive is counted as the primary lemma candidate; phrase sense, aspect relation, and case pattern are not inferred from this row."
data-podcasts.js,podcast-lexical-card,podcasts,Podcasts,podcasts-work-life,Praca a życie,podcasts-work-life-004,spełniać się w czymś,to find fulfilment in something,infinitive-headed Polish label + English verbal gloss,verb-phrase-or-collocation,spełniać się,high-surface; semantic sense unresolved,true,,,,,,false,explicit-case-name-in-card-text,locative,'spełniać się w' + locative. Key for talking about meaningful work.,"Dla wielu osób praca jest czymś, w czym się spełniają.",spełniać się w czymś,1,true,true,false,false,true,0,absent,,,,"Leading infinitive is counted as the primary lemma candidate; phrase sense, aspect relation, and case pattern are not inferred from this row."
data-podcasts.js,podcast-lexical-card,podcasts,Podcasts,podcasts-work-life,Praca a życie,podcasts-work-life-010,stanowić wyzwanie,to pose a challenge,infinitive-headed Polish label + English verbal gloss,verb-phrase-or-collocation,stanowić,high-surface; semantic sense unresolved,false,,,,,,false,none-structured; inspect free text/context,,'stanowić' = to constitute; more elegant than 'być'.,"Ważne, żeby praca stanowiła dla nas wyzwanie.",stanowić wyzwanie,1,true,true,false,false,true,0,absent,,,,"Leading infinitive is counted as the primary lemma candidate; phrase sense, aspect relation, and case pattern are not inferred from this row."
data-podcasts.js,podcast-lexical-card,podcasts,Podcasts,podcasts-work-life,Praca a życie,podcasts-work-life-011,utknąć w status quo,to be stuck in the status quo,infinitive-headed Polish label + English verbal gloss,verb-phrase-or-collocation,utknąć,high-surface; semantic sense unresolved,false,,,,,,false,none-structured; inspect free text/context,,'utknąć' = to get stuck. Woman: 'utknęłam'.,"Może utknąłeś w status quo, które jest dla ciebie wygodne.",utknąć w status quo,1,true,true,false,false,true,0,absent,,,,"Leading infinitive is counted as the primary lemma candidate; phrase sense, aspect relation, and case pattern are not inferred from this row."
data-podcasts.js,podcast-lexical-card,podcasts,Podcasts,podcasts-work-life,Praca a życie,podcasts-work-life-012,uciec w seriale,to escape into TV series,infinitive-headed Polish label + English verbal gloss,verb-phrase-or-collocation,uciec,high-surface; semantic sense unresolved,false,,,,,,false,explicit-case-name-in-card-text,accusative,'uciekać w' + accusative - to flee into a distraction.,"Uciekasz w seriale, żeby o tym nie myśleć.",uciec w seriale,1,true,true,false,false,true,0,absent,,,,"Leading infinitive is counted as the primary lemma candidate; phrase sense, aspect relation, and case pattern are not inferred from this row."
data-podcasts.js,podcast-lexical-card,podcasts,Podcasts,podcasts-work-life,Praca a życie,podcasts-work-life-013,utożsamiać się z pracą,to identify with your work,infinitive-headed Polish label + English verbal gloss,verb-phrase-or-collocation,utożsamiać się,high-surface; semantic sense unresolved,true,,,,,,false,explicit-case-name-in-card-text,instrumental,'utożsamiać się z' + instrumental. Central to the whole episode.,"Pytanie, na ile utożsamiasz się ze swoją pracą.",utożsamiać się z pracą,1,true,true,false,false,true,0,absent,,,,"Leading infinitive is counted as the primary lemma candidate; phrase sense, aspect relation, and case pattern are not inferred from this row."
